measure label,year,state,county,fips,value,numerator,denominator
Unemployment Rate (1y Avg.),2014, Alabama,Baldwin County,1003,0.071620032,6760,94387
Unemployment Rate (1y Avg.),2014, Alabama,Calhoun County,1015,0.103949912,5595,53824
Unemployment Rate (1y Avg.),2014, Alabama,Elmore County,1051,0.094534755,3373,35680
Unemployment Rate (1y Avg.),2014, Alabama,Etowah County,1055,0.104178794,5011,48100
Unemployment Rate (1y Avg.),2014, Alabama,Houston County,1069,0.085973822,3994,46456
Unemployment Rate (1y Avg.),2014, Alabama,Jefferson County,1073,0.088052869,28379,322295
Unemployment Rate (1y Avg.),2014, Alabama,Lauderdale County,1077,0.080732144,3533,43762
Unemployment Rate (1y Avg.),2014, Alabama,Lee County,1081,0.06433358,4752,73865
Unemployment Rate (1y Avg.),2014, Alabama,Limestone County,1083,0.082141913,3430,41757
Unemployment Rate (1y Avg.),2014, Alabama,Madison County,1089,0.074607186,13523,181256
Unemployment Rate (1y Avg.),2014, Alabama,Marshall County,1095,0.070113137,2863,40834
Unemployment Rate (1y Avg.),2014, Alabama,Mobile County,1097,0.079017088,14763,186833
Unemployment Rate (1y Avg.),2014, Alabama,Montgomery County,1101,0.096514814,10911,113050
Unemployment Rate (1y Avg.),2014, Alabama,Morgan County,1103,0.055520616,3090,55655
Unemployment Rate (1y Avg.),2014, Alabama,Shelby County,1117,0.057941344,6255,107954
Unemployment Rate (1y Avg.),2014, Alabama,Talladega County,1121,0.119466238,4172,34922
Unemployment Rate (1y Avg.),2014, Alabama,Tuscaloosa County,1125,0.075944237,7305,96189
Unemployment Rate (1y Avg.),2014, Alabama,Walker County,1127,0.0852459,2418,28365
Unemployment Rate (1y Avg.),2014, Alaska,Anchorage Municipality,2020,0.054151434,9288,171519
Unemployment Rate (1y Avg.),2014, Alaska,Fairbanks North Star Borough,2090,0.081691928,4641,56811
Unemployment Rate (1y Avg.),2014, Alaska,Matanuska-Susitna Borough,2170,0.083583638,3868,46277
Unemployment Rate (1y Avg.),2014, Arizona,Apache County,4001,0.156987384,3433,21868
Unemployment Rate (1y Avg.),2014, Arizona,Cochise County,4003,0.077744253,4071,52364
Unemployment Rate (1y Avg.),2014, Arizona,Coconino County,4005,0.077349409,5401,69826
Unemployment Rate (1y Avg.),2014, Arizona,Maricopa County,4013,0.068257287,136421,1998629
Unemployment Rate (1y Avg.),2014, Arizona,Mohave County,4015,0.117990188,8900,75430
Unemployment Rate (1y Avg.),2014, Arizona,Navajo County,4017,0.216866851,8504,39213
Unemployment Rate (1y Avg.),2014, Arizona,Pima County,4019,0.090447299,43321,478964
Unemployment Rate (1y Avg.),2014, Arizona,Pinal County,4021,0.082366772,12818,155621
Unemployment Rate (1y Avg.),2014, Arizona,Yavapai County,4025,0.101815194,8924,87649
Unemployment Rate (1y Avg.),2014, Arizona,Yuma County,4027,0.102473333,8916,87008
Unemployment Rate (1y Avg.),2014, Arkansas,Benton County,5007,0.034331497,3968,115579
Unemployment Rate (1y Avg.),2014, Arkansas,Craighead County,5031,0.047411926,2300,48511
Unemployment Rate (1y Avg.),2014, Arkansas,Faulkner County,5045,0.066576637,4092,61463
Unemployment Rate (1y Avg.),2014, Arkansas,Garland County,5051,0.098799311,4320,43725
Unemployment Rate (1y Avg.),2014, Arkansas,Jefferson County,5069,0.105429001,3212,30466
Unemployment Rate (1y Avg.),2014, Arkansas,Pulaski County,5119,0.064336762,12612,196031
Unemployment Rate (1y Avg.),2014, Arkansas,Saline County,5125,0.055342659,3105,56105
Unemployment Rate (1y Avg.),2014, Arkansas,Sebastian County,5131,0.058743395,3536,60194
Unemployment Rate (1y Avg.),2014, Arkansas,Washington County,5143,0.057332307,6554,114316
Unemployment Rate (1y Avg.),2014, Arkansas,White County,5145,0.064871907,2241,34545
Unemployment Rate (1y Avg.),2014, California,Alameda County,6001,0.06635309,57175,861678
Unemployment Rate (1y Avg.),2014, California,Butte County,6007,0.096225172,9781,101647
Unemployment Rate (1y Avg.),2014, California,Contra Costa County,6013,0.078773275,44485,564722
Unemployment Rate (1y Avg.),2014, California,El Dorado County,6017,0.080544986,7029,87268
Unemployment Rate (1y Avg.),2014, California,Fresno County,6019,0.115987234,49939,430556
Unemployment Rate (1y Avg.),2014, California,Humboldt County,6023,0.09926907,6519,65670
Unemployment Rate (1y Avg.),2014, California,Imperial County,6025,0.182876289,12931,70709
Unemployment Rate (1y Avg.),2014, California,Kern County,6029,0.109817013,40648,370143
Unemployment Rate (1y Avg.),2014, California,Kings County,6031,0.091136038,5403,59285
Unemployment Rate (1y Avg.),2014, California,Los Angeles County,6037,0.087671436,456214,5203679
Unemployment Rate (1y Avg.),2014, California,Madera County,6039,0.072481513,4381,60443
Unemployment Rate (1y Avg.),2014, California,Marin County,6041,0.039225031,5515,140599
Unemployment Rate (1y Avg.),2014, California,Mendocino County,6045,0.1058219,4366,41258
Unemployment Rate (1y Avg.),2014, California,Merced County,6047,0.1431683,16893,117994
Unemployment Rate (1y Avg.),2014, California,Monterey County,6053,0.062354404,12045,193170
Unemployment Rate (1y Avg.),2014, California,Napa County,6055,0.050454073,3689,73116
Unemployment Rate (1y Avg.),2014, California,Nevada County,6057,0.084384054,3875,45921
Unemployment Rate (1y Avg.),2014, California,Orange County,6059,0.063939705,105458,1649335
Unemployment Rate (1y Avg.),2014, California,Placer County,6061,0.062504508,11263,180195
Unemployment Rate (1y Avg.),2014, California,Riverside County,6065,0.117142655,125656,1072675
Unemployment Rate (1y Avg.),2014, California,Sacramento County,6067,0.099458717,71569,719585
Unemployment Rate (1y Avg.),2014, California,San Bernardino County,6071,0.111040644,106629,960270
Unemployment Rate (1y Avg.),2014, California,San Diego County,6073,0.071639545,121639,1697931
Unemployment Rate (1y Avg.),2014, California,San Francisco County,6075,0.061898034,32551,525881
Unemployment Rate (1y Avg.),2014, California,San Joaquin County,6077,0.111071333,36301,326826
Unemployment Rate (1y Avg.),2014, California,San Luis Obispo County,6079,0.056127496,7491,133464
Unemployment Rate (1y Avg.),2014, California,San Mateo County,6081,0.04807752,20149,419094
Unemployment Rate (1y Avg.),2014, California,Santa Barbara County,6083,0.06786903,15105,222561
Unemployment Rate (1y Avg.),2014, California,Santa Clara County,6085,0.062206749,63042,1013427
Unemployment Rate (1y Avg.),2014, California,Santa Cruz County,6087,0.064119607,9066,141392
Unemployment Rate (1y Avg.),2014, California,Shasta County,6089,0.080591388,6285,77986
Unemployment Rate (1y Avg.),2014, California,Solano County,6095,0.098690912,21516,218014
Unemployment Rate (1y Avg.),2014, California,Sonoma County,6097,0.069479302,18578,267389
Unemployment Rate (1y Avg.),2014, California,Stanislaus County,6099,0.139045179,33980,244381
Unemployment Rate (1y Avg.),2014, California,Sutter County,6101,0.121342935,5425,44708
Unemployment Rate (1y Avg.),2014, California,Tulare County,6107,0.081091776,15577,192091
Unemployment Rate (1y Avg.),2014, California,Ventura County,6111,0.079176724,34730,438639
Unemployment Rate (1y Avg.),2014, California,Yolo County,6113,0.064300641,6401,99548
Unemployment Rate (1y Avg.),2014, California,Yuba County,6115,0.127279058,4021,31592
Unemployment Rate (1y Avg.),2014, Colorado,Adams County,8001,0.059023101,15031,254663
Unemployment Rate (1y Avg.),2014, Colorado,Arapahoe County,8005,0.055575673,19033,342470
Unemployment Rate (1y Avg.),2014, Colorado,Boulder County,8013,0.058823857,10540,179179
Unemployment Rate (1y Avg.),2014, Colorado,Denver County,8031,0.046973642,17776,378425
Unemployment Rate (1y Avg.),2014, Colorado,Douglas County,8035,0.029238466,4997,170905
Unemployment Rate (1y Avg.),2014, Colorado,El Paso County,8041,0.065975189,22708,344190
Unemployment Rate (1y Avg.),2014, Colorado,Jefferson County,8059,0.038267348,12104,316301
Unemployment Rate (1y Avg.),2014, Colorado,Larimer County,8069,0.055967283,9908,177032
Unemployment Rate (1y Avg.),2014, Colorado,Mesa County,8077,0.081801504,6199,75781
Unemployment Rate (1y Avg.),2014, Colorado,Pueblo County,8101,0.109494612,8053,73547
Unemployment Rate (1y Avg.),2014, Colorado,Weld County,8123,0.052911803,7682,145185
Unemployment Rate (1y Avg.),2014, Connecticut,Fairfield County,9001,0.079375833,40659,512234
Unemployment Rate (1y Avg.),2014, Connecticut,Hartford County,9003,0.08445669,41056,486119
Unemployment Rate (1y Avg.),2014, Connecticut,Litchfield County,9005,0.061300118,6319,103083
Unemployment Rate (1y Avg.),2014, Connecticut,Middlesex County,9007,0.057840105,5539,95764
Unemployment Rate (1y Avg.),2014, Connecticut,New Haven County,9009,0.088326231,40536,458935
Unemployment Rate (1y Avg.),2014, Connecticut,New London County,9011,0.060703918,9286,152972
Unemployment Rate (1y Avg.),2014, Connecticut,Tolland County,9013,0.061966326,5421,87483
Unemployment Rate (1y Avg.),2014, Connecticut,Windham County,9015,0.080295317,5253,65421
Unemployment Rate (1y Avg.),2014, Delaware,Kent County,10001,0.069554918,5990,86119
Unemployment Rate (1y Avg.),2014, Delaware,New Castle County,10003,0.065554455,18916,288554
Unemployment Rate (1y Avg.),2014, Delaware,Sussex County,10005,0.068714611,6941,101012
Unemployment Rate (1y Avg.),2014, District of Columbia,District of Columbia,11001,0.087810233,33594,382575
Unemployment Rate (1y Avg.),2014, Florida,Alachua County,12001,0.091516413,11603,126786
Unemployment Rate (1y Avg.),2014, Florida,Bay County,12005,0.08851862,7581,85643
Unemployment Rate (1y Avg.),2014, Florida,Brevard County,12009,0.09155573,23259,254042
Unemployment Rate (1y Avg.),2014, Florida,Broward County,12011,0.083271794,83332,1000723
Unemployment Rate (1y Avg.),2014, Florida,Charlotte County,12015,0.117119037,7698,65728
Unemployment Rate (1y Avg.),2014, Florida,Citrus County,12017,0.115546606,5624,48673
Unemployment Rate (1y Avg.),2014, Florida,Clay County,12019,0.115217388,11395,98900
Unemployment Rate (1y Avg.),2014, Florida,Collier County,12021,0.064565949,9991,154741
Unemployment Rate (1y Avg.),2014, Florida,Duval County,12031,0.081644878,37471,458951
Unemployment Rate (1y Avg.),2014, Florida,Escambia County,12033,0.077023886,11931,154900
Unemployment Rate (1y Avg.),2014, Florida,Flagler County,12035,0.069969334,2829,40432
Unemployment Rate (1y Avg.),2014, Florida,Hernando County,12053,0.091149218,6177,67768
Unemployment Rate (1y Avg.),2014, Florida,Highlands County,12055,0.147540987,5472,37088
Unemployment Rate (1y Avg.),2014, Florida,Hillsborough County,12057,0.076813541,52486,683291
Unemployment Rate (1y Avg.),2014, Florida,Indian River County,12061,0.089856736,5488,61075
Unemployment Rate (1y Avg.),2014, Florida,Lake County,12069,0.093475983,12835,137308
Unemployment Rate (1y Avg.),2014, Florida,Lee County,12071,0.071715005,21550,300495
Unemployment Rate (1y Avg.),2014, Florida,Leon County,12073,0.107940376,17010,157587
Unemployment Rate (1y Avg.),2014, Florida,Manatee County,12081,0.063587956,9936,156256
Unemployment Rate (1y Avg.),2014, Florida,Marion County,12083,0.085957594,11497,133752
Unemployment Rate (1y Avg.),2014, Florida,Martin County,12085,0.08105433,5815,71742
Unemployment Rate (1y Avg.),2014, Florida,Miami-Dade County,12086,0.081007272,109487,1351570
Unemployment Rate (1y Avg.),2014, Florida,Okaloosa County,12091,0.046975061,4592,97754
Unemployment Rate (1y Avg.),2014, Florida,Orange County,12095,0.079446964,53038,667590
Unemployment Rate (1y Avg.),2014, Florida,Osceola County,12097,0.083174303,12073,145153
Unemployment Rate (1y Avg.),2014, Florida,Palm Beach County,12099,0.080438815,55953,695597
Unemployment Rate (1y Avg.),2014, Florida,Pasco County,12101,0.073971272,15244,206080
Unemployment Rate (1y Avg.),2014, Florida,Pinellas County,12103,0.063618936,29036,456405
Unemployment Rate (1y Avg.),2014, Florida,Polk County,12105,0.091301136,25236,276404
Unemployment Rate (1y Avg.),2014, Florida,Santa Rosa County,12113,0.058371756,4355,74608
Unemployment Rate (1y Avg.),2014, Florida,Sarasota County,12115,0.049307264,8342,169184
Unemployment Rate (1y Avg.),2014, Florida,Seminole County,12117,0.073353603,17033,232204
Unemployment Rate (1y Avg.),2014, Florida,St. Johns County,12109,0.061475869,6588,107164
Unemployment Rate (1y Avg.),2014, Florida,St. Lucie County,12111,0.079215653,9837,124180
Unemployment Rate (1y Avg.),2014, Florida,Volusia County,12127,0.070332818,15712,223395
Unemployment Rate (1y Avg.),2014, Georgia,Barrow County,13013,0.070366494,2352,33425
Unemployment Rate (1y Avg.),2014, Georgia,Bartow County,13015,0.070684753,3679,52048
Unemployment Rate (1y Avg.),2014, Georgia,Bibb County,13021,0.151688188,10360,68298
Unemployment Rate (1y Avg.),2014, Georgia,Carroll County,13045,0.112614363,6093,54105
Unemployment Rate (1y Avg.),2014, Georgia,Chatham County,13051,0.090120941,12921,143374
Unemployment Rate (1y Avg.),2014, Georgia,Cherokee County,13057,0.058137115,6980,120061
Unemployment Rate (1y Avg.),2014, Georgia,Clarke County,13059,0.085420959,4934,57761
Unemployment Rate (1y Avg.),2014, Georgia,Clayton County,13063,0.106118463,14007,131994
Unemployment Rate (1y Avg.),2014, Georgia,Cobb County,13067,0.067726545,27247,402309
Unemployment Rate (1y Avg.),2014, Georgia,Columbia County,13073,0.057596553,3852,66879
Unemployment Rate (1y Avg.),2014, Georgia,Coweta County,13077,0.061800402,4196,67896
Unemployment Rate (1y Avg.),2014, Georgia,DeKalb County,13089,0.091041185,35776,392965
Unemployment Rate (1y Avg.),2014, Georgia,Dougherty County,13095,0.172405526,7195,41733
Unemployment Rate (1y Avg.),2014, Georgia,Douglas County,13097,0.085007749,5758,67735
Unemployment Rate (1y Avg.),2014, Georgia,Fayette County,13113,0.078452393,4171,53166
Unemployment Rate (1y Avg.),2014, Georgia,Floyd County,13115,0.078731857,3509,44569
Unemployment Rate (1y Avg.),2014, Georgia,Forsyth County,13117,0.047921479,4980,103920
Unemployment Rate (1y Avg.),2014, Georgia,Fulton County,13121,0.086107977,45431,527605
Unemployment Rate (1y Avg.),2014, Georgia,Gwinnett County,13135,0.061538629,28037,455600
Unemployment Rate (1y Avg.),2014, Georgia,Hall County,13139,0.041639537,3837,92148
Unemployment Rate (1y Avg.),2014, Georgia,Henry County,13151,0.097801708,10117,103444
Unemployment Rate (1y Avg.),2014, Georgia,Houston County,13153,0.070542388,4833,68512
Unemployment Rate (1y Avg.),2014, Georgia,Liberty County,13179,0.098825775,3215,32532
Unemployment Rate (1y Avg.),2014, Georgia,Lowndes County,13185,0.112429641,6272,55786
Unemployment Rate (1y Avg.),2014, Georgia,Muscogee County,13215,0.085976668,8763,101923
Unemployment Rate (1y Avg.),2014, Georgia,Richmond County,13245,0.133634731,12474,93344
Unemployment Rate (1y Avg.),2014, Georgia,Troup County,13285,0.098708346,3202,32439
Unemployment Rate (1y Avg.),2014, Georgia,Walton County,13297,0.118238777,4831,40858
Unemployment Rate (1y Avg.),2014, Hawaii,Hawaii County,15001,0.053918742,4771,88485
Unemployment Rate (1y Avg.),2014, Hawaii,Honolulu County,15003,0.048486006,25641,528833
Unemployment Rate (1y Avg.),2014, Hawaii,Kauai County,15007,0.039741624,1452,36536
Unemployment Rate (1y Avg.),2014, Hawaii,Maui County,15009,0.068676427,6021,87672
Unemployment Rate (1y Avg.),2014, Idaho,Ada County,16001,0.042967521,9298,216396
Unemployment Rate (1y Avg.),2014, Idaho,Bannock County,16005,0.068245828,2714,39768
Unemployment Rate (1y Avg.),2014, Idaho,Bonneville County,16019,0.040922664,1987,48555
Unemployment Rate (1y Avg.),2014, Idaho,Canyon County,16027,0.071343064,6496,91053
Unemployment Rate (1y Avg.),2014, Idaho,Kootenai County,16055,0.082032554,5907,72008
Unemployment Rate (1y Avg.),2014, Illinois,Adams County,17001,0.062919654,2174,34552
Unemployment Rate (1y Avg.),2014, Illinois,Champaign County,17019,0.05390887,5931,110019
Unemployment Rate (1y Avg.),2014, Illinois,Cook County,17031,0.097316481,268687,2760961
Unemployment Rate (1y Avg.),2014, Illinois,DeKalb County,17037,0.087403253,5138,58785
Unemployment Rate (1y Avg.),2014, Illinois,DuPage County,17043,0.058469363,29891,511225
Unemployment Rate (1y Avg.),2014, Illinois,Kane County,17089,0.063841537,17807,278925
Unemployment Rate (1y Avg.),2014, Illinois,Kankakee County,17091,0.075723194,4238,55967
Unemployment Rate (1y Avg.),2014, Illinois,LaSalle County,17099,0.104442209,5504,52699
Unemployment Rate (1y Avg.),2014, Illinois,Lake County,17097,0.061313637,23118,377045
Unemployment Rate (1y Avg.),2014, Illinois,Macon County,17115,0.098730892,5399,54684
Unemployment Rate (1y Avg.),2014, Illinois,Madison County,17119,0.077381343,10599,136971
Unemployment Rate (1y Avg.),2014, Illinois,McHenry County,17111,0.05568248,9481,170269
Unemployment Rate (1y Avg.),2014, Illinois,McLean County,17113,0.048013382,4592,95640
Unemployment Rate (1y Avg.),2014, Illinois,Peoria County,17143,0.085867755,8041,93644
Unemployment Rate (1y Avg.),2014, Illinois,Rock Island County,17161,0.077619627,5726,73770
Unemployment Rate (1y Avg.),2014, Illinois,Sangamon County,17167,0.071777642,7564,105381
Unemployment Rate (1y Avg.),2014, Illinois,St. Clair County,17163,0.068919495,8623,125117
Unemployment Rate (1y Avg.),2014, Illinois,Tazewell County,17179,0.038760711,2651,68394
Unemployment Rate (1y Avg.),2014, Illinois,Vermilion County,17183,0.117807321,4324,36704
Unemployment Rate (1y Avg.),2014, Illinois,Will County,17197,0.059903227,21863,364972
Unemployment Rate (1y Avg.),2014, Illinois,Williamson County,17199,0.054405622,1719,31596
Unemployment Rate (1y Avg.),2014, Illinois,Winnebago County,17201,0.110018618,16426,149302
Unemployment Rate (1y Avg.),2014, Indiana,Allen County,18003,0.074303254,13989,188269
Unemployment Rate (1y Avg.),2014, Indiana,Clark County,18019,0.059025921,3534,59872
Unemployment Rate (1y Avg.),2014, Indiana,Delaware County,18035,0.070160389,4090,58295
Unemployment Rate (1y Avg.),2014, Indiana,Elkhart County,18039,0.04615524,4578,99187
Unemployment Rate (1y Avg.),2014, Indiana,Floyd County,18043,0.065261289,2650,40606
Unemployment Rate (1y Avg.),2014, Indiana,Hamilton County,18057,0.037444126,6224,166221
Unemployment Rate (1y Avg.),2014, Indiana,Hendricks County,18063,0.049510796,4109,82992
Unemployment Rate (1y Avg.),2014, Indiana,Howard County,18067,0.087818623,3459,39388
Unemployment Rate (1y Avg.),2014, Indiana,Johnson County,18081,0.069230668,5204,75169
Unemployment Rate (1y Avg.),2014, Indiana,Kosciusko County,18085,0.054122932,2145,39632
Unemployment Rate (1y Avg.),2014, Indiana,LaPorte County,18091,0.115872689,6127,52877
Unemployment Rate (1y Avg.),2014, Indiana,Lake County,18089,0.113524556,27277,240274
Unemployment Rate (1y Avg.),2014, Indiana,Madison County,18095,0.072044052,4239,58839
Unemployment Rate (1y Avg.),2014, Indiana,Marion County,18097,0.092421979,45051,487449
Unemployment Rate (1y Avg.),2014, Indiana,Monroe County,18105,0.072170638,5495,76139
Unemployment Rate (1y Avg.),2014, Indiana,Porter County,18127,0.054267019,4628,85282
Unemployment Rate (1y Avg.),2014, Indiana,St. Joseph County,18141,0.073266268,10138,138372
Unemployment Rate (1y Avg.),2014, Indiana,Tippecanoe County,18157,0.067771375,6237,92030
Unemployment Rate (1y Avg.),2014, Indiana,Vanderburgh County,18163,0.057140056,5247,91827
Unemployment Rate (1y Avg.),2014, Indiana,Vigo County,18167,0.092070259,4880,53003
Unemployment Rate (1y Avg.),2014, Indiana,Wayne County,18177,0.08612188,2777,32245
Unemployment Rate (1y Avg.),2014, Iowa,Black Hawk County,19013,0.049826756,3667,73595
Unemployment Rate (1y Avg.),2014, Iowa,Dubuque County,19061,0.032121994,1721,53577
Unemployment Rate (1y Avg.),2014, Iowa,Johnson County,19103,0.031213727,2474,79260
Unemployment Rate (1y Avg.),2014, Iowa,Linn County,19113,0.035216857,4215,119687
Unemployment Rate (1y Avg.),2014, Iowa,Polk County,19153,0.044415176,11499,258898
Unemployment Rate (1y Avg.),2014, Iowa,Pottawattamie County,19155,0.051350962,2503,48743
Unemployment Rate (1y Avg.),2014, Iowa,Scott County,19163,0.051316135,4710,91784
Unemployment Rate (1y Avg.),2014, Iowa,Story County,19169,0.046499077,2499,53743
Unemployment Rate (1y Avg.),2014, Iowa,Woodbury County,19193,0.061081514,3348,54812
Unemployment Rate (1y Avg.),2014, Kansas,Butler County,20015,0.052422628,1743,33249
Unemployment Rate (1y Avg.),2014, Kansas,Douglas County,20045,0.062650152,4042,64517
Unemployment Rate (1y Avg.),2014, Kansas,Johnson County,20091,0.037569951,11883,316290
Unemployment Rate (1y Avg.),2014, Kansas,Leavenworth County,20103,0.029014736,1079,37188
Unemployment Rate (1y Avg.),2014, Kansas,Riley County,20161,0.057060264,2566,44970
Unemployment Rate (1y Avg.),2014, Kansas,Sedgwick County,20173,0.060942989,15561,255337
Unemployment Rate (1y Avg.),2014, Kansas,Shawnee County,20177,0.047952205,4270,89047
Unemployment Rate (1y Avg.),2014, Kansas,Wyandotte County,20209,0.095788702,7315,76366
Unemployment Rate (1y Avg.),2014, Kentucky,Boone County,21015,0.059433766,3976,66898
Unemployment Rate (1y Avg.),2014, Kentucky,Bullitt County,21029,0.073604636,2921,39685
Unemployment Rate (1y Avg.),2014, Kentucky,Campbell County,21037,0.056913752,2761,48512
Unemployment Rate (1y Avg.),2014, Kentucky,Christian County,21047,0.107891954,3575,33135
Unemployment Rate (1y Avg.),2014, Kentucky,Daviess County,21059,0.055307116,2523,45618
Unemployment Rate (1y Avg.),2014, Kentucky,Fayette County,21067,0.067272283,11471,170516
Unemployment Rate (1y Avg.),2014, Kentucky,Hardin County,21093,0.066028863,3651,55294
Unemployment Rate (1y Avg.),2014, Kentucky,Jefferson County,21111,0.067696378,26902,397392
Unemployment Rate (1y Avg.),2014, Kentucky,Kenton County,21117,0.065330118,5657,86591
Unemployment Rate (1y Avg.),2014, Kentucky,Madison County,21151,0.086807959,3887,44777
Unemployment Rate (1y Avg.),2014, Kentucky,Pike County,21195,0.113289945,2646,23356
Unemployment Rate (1y Avg.),2014, Kentucky,Warren County,21227,0.079154439,4909,62018
Unemployment Rate (1y Avg.),2014, Louisiana,Bossier Parish,22015,0.06764701,4223,62427
Unemployment Rate (1y Avg.),2014, Louisiana,Caddo Parish,22017,0.073424406,8401,114417
Unemployment Rate (1y Avg.),2014, Louisiana,Calcasieu Parish,22019,0.073404543,6700,91275
Unemployment Rate (1y Avg.),2014, Louisiana,East Baton Rouge Parish,22033,0.064661913,15095,233445
Unemployment Rate (1y Avg.),2014, Louisiana,Jefferson Parish,22051,0.057646804,12815,222302
Unemployment Rate (1y Avg.),2014, Louisiana,Lafayette Parish,22055,0.04931714,6258,126893
Unemployment Rate (1y Avg.),2014, Louisiana,Lafourche Parish,22057,0.074449569,3422,45964
Unemployment Rate (1y Avg.),2014, Louisiana,Orleans Parish,22071,0.102584012,19814,193149
Unemployment Rate (1y Avg.),2014, Louisiana,Ouachita Parish,22073,0.072907776,5126,70308
Unemployment Rate (1y Avg.),2014, Louisiana,Rapides Parish,22079,0.085259095,4811,56428
Unemployment Rate (1y Avg.),2014, Louisiana,St. Landry Parish,22097,0.067820914,1939,28590
Unemployment Rate (1y Avg.),2014, Louisiana,St. Tammany Parish,22103,0.064745426,7897,121970
Unemployment Rate (1y Avg.),2014, Louisiana,Tangipahoa Parish,22105,0.104387395,6148,58896
Unemployment Rate (1y Avg.),2014, Maine,Androscoggin County,23001,0.058850173,3378,57400
Unemployment Rate (1y Avg.),2014, Maine,Aroostook County,23003,0.063868143,1984,31064
Unemployment Rate (1y Avg.),2014, Maine,Cumberland County,23005,0.044476476,7344,165121
Unemployment Rate (1y Avg.),2014, Maine,Kennebec County,23011,0.068063825,4287,62985
Unemployment Rate (1y Avg.),2014, Maine,Penobscot County,23019,0.063587807,4881,76760
Unemployment Rate (1y Avg.),2014, Maine,York County,23031,0.052625783,5735,108977
Unemployment Rate (1y Avg.),2014, Maryland,Allegany County,24001,0.100293271,3283,32734
Unemployment Rate (1y Avg.),2014, Maryland,Anne Arundel County,24003,0.054874025,17378,316689
Unemployment Rate (1y Avg.),2014, Maryland,Baltimore County,24005,0.062503815,27675,442773
Unemployment Rate (1y Avg.),2014, Maryland,Baltimore city,24510,0.1181015,36307,307422
Unemployment Rate (1y Avg.),2014, Maryland,Calvert County,24009,0.122406967,6184,50520
Unemployment Rate (1y Avg.),2014, Maryland,Carroll County,24013,0.031009011,2863,92328
Unemployment Rate (1y Avg.),2014, Maryland,Cecil County,24015,0.054838192,2735,49874
Unemployment Rate (1y Avg.),2014, Maryland,Charles County,24017,0.054880269,4524,82434
Unemployment Rate (1y Avg.),2014, Maryland,Frederick County,24021,0.050200332,6866,136772
Unemployment Rate (1y Avg.),2014, Maryland,Harford County,24025,0.055916339,7689,137509
Unemployment Rate (1y Avg.),2014, Maryland,Howard County,24027,0.046855092,8201,175029
Unemployment Rate (1y Avg.),2014, Maryland,Montgomery County,24031,0.065815248,38501,584986
Unemployment Rate (1y Avg.),2014, Maryland,Prince George's County,24033,0.090985946,46924,515728
Unemployment Rate (1y Avg.),2014, Maryland,St. Mary's County,24037,0.051647026,3037,58803
Unemployment Rate (1y Avg.),2014, Maryland,Washington County,24043,0.108204372,7838,72437
Unemployment Rate (1y Avg.),2014, Maryland,Wicomico County,24045,0.060585573,3226,53247
Unemployment Rate (1y Avg.),2014, Massachusetts,Barnstable County,25001,0.057634246,6414,111288
Unemployment Rate (1y Avg.),2014, Massachusetts,Berkshire County,25003,0.086452685,6125,70848
Unemployment Rate (1y Avg.),2014, Massachusetts,Bristol County,25005,0.067713983,20168,297841
Unemployment Rate (1y Avg.),2014, Massachusetts,Essex County,25009,0.067604959,28196,417070
Unemployment Rate (1y Avg.),2014, Massachusetts,Franklin County,25011,0.050332025,2001,39756
Unemployment Rate (1y Avg.),2014, Massachusetts,Hampden County,25013,0.09324947,22164,237685
Unemployment Rate (1y Avg.),2014, Massachusetts,Hampshire County,25015,0.07957346,7201,90495
Unemployment Rate (1y Avg.),2014, Massachusetts,Middlesex County,25017,0.050993025,45587,893985
Unemployment Rate (1y Avg.),2014, Massachusetts,Norfolk County,25021,0.066101409,25844,390975
Unemployment Rate (1y Avg.),2014, Massachusetts,Plymouth County,25023,0.066369556,18377,276889
Unemployment Rate (1y Avg.),2014, Massachusetts,Suffolk County,25025,0.082490012,36037,436865
Unemployment Rate (1y Avg.),2014, Massachusetts,Worcester County,25027,0.069141187,30672,443614
Unemployment Rate (1y Avg.),2014, Michigan,Allegan County,26005,0.042317498,2357,55698
Unemployment Rate (1y Avg.),2014, Michigan,Bay County,26017,0.079422094,3936,49558
Unemployment Rate (1y Avg.),2014, Michigan,Berrien County,26021,0.066157892,5028,76000
Unemployment Rate (1y Avg.),2014, Michigan,Calhoun County,26025,0.085014991,5245,61695
Unemployment Rate (1y Avg.),2014, Michigan,Clinton County,26037,0.057130076,2171,38001
Unemployment Rate (1y Avg.),2014, Michigan,Eaton County,26045,0.06837105,3843,56208
Unemployment Rate (1y Avg.),2014, Michigan,Genesee County,26049,0.119254857,21593,181066
Unemployment Rate (1y Avg.),2014, Michigan,Grand Traverse County,26055,0.053322345,2523,47316
Unemployment Rate (1y Avg.),2014, Michigan,Ingham County,26065,0.070680715,10430,147565
Unemployment Rate (1y Avg.),2014, Michigan,Isabella County,26073,0.092523709,3532,38174
Unemployment Rate (1y Avg.),2014, Michigan,Jackson County,26075,0.096732542,7117,73574
Unemployment Rate (1y Avg.),2014, Michigan,Kalamazoo County,26077,0.075812139,10252,135229
Unemployment Rate (1y Avg.),2014, Michigan,Kent County,26081,0.059565723,19710,330895
Unemployment Rate (1y Avg.),2014, Michigan,Lapeer County,26087,0.090080455,3706,41141
Unemployment Rate (1y Avg.),2014, Michigan,Lenawee County,26091,0.066915438,3174,47433
Unemployment Rate (1y Avg.),2014, Michigan,Livingston County,26093,0.061393309,6019,98040
Unemployment Rate (1y Avg.),2014, Michigan,Macomb County,26099,0.070057854,30794,439551
Unemployment Rate (1y Avg.),2014, Michigan,Marquette County,26103,0.08709719,2719,31218
Unemployment Rate (1y Avg.),2014, Michigan,Midland County,26111,0.081065461,3366,41522
Unemployment Rate (1y Avg.),2014, Michigan,Monroe County,26115,0.064820729,4771,73603
Unemployment Rate (1y Avg.),2014, Michigan,Muskegon County,26121,0.11587432,9028,77912
Unemployment Rate (1y Avg.),2014, Michigan,Oakland County,26125,0.062775664,41289,657723
Unemployment Rate (1y Avg.),2014, Michigan,Ottawa County,26139,0.0536598,8067,150336
Unemployment Rate (1y Avg.),2014, Michigan,Saginaw County,26145,0.089958481,8233,91520
Unemployment Rate (1y Avg.),2014, Michigan,Shiawassee County,26155,0.084463418,2809,33257
Unemployment Rate (1y Avg.),2014, Michigan,St. Clair County,26147,0.087048009,6743,77463
Unemployment Rate (1y Avg.),2014, Michigan,Van Buren County,26159,0.079136893,2813,35546
Unemployment Rate (1y Avg.),2014, Michigan,Washtenaw County,26161,0.057546113,10976,190734
Unemployment Rate (1y Avg.),2014, Michigan,Wayne County,26163,0.127579719,104560,819566
Unemployment Rate (1y Avg.),2014, Minnesota,Anoka County,27003,0.051944256,10131,195036
Unemployment Rate (1y Avg.),2014, Minnesota,Blue Earth County,27013,0.038859341,1454,37417
Unemployment Rate (1y Avg.),2014, Minnesota,Carver County,27019,0.026571777,1486,55924
Unemployment Rate (1y Avg.),2014, Minnesota,Dakota County,27037,0.03428141,8237,240276
Unemployment Rate (1y Avg.),2014, Minnesota,Hennepin County,27053,0.049561515,34683,699797
Unemployment Rate (1y Avg.),2014, Minnesota,Olmsted County,27109,0.050321147,4168,82828
Unemployment Rate (1y Avg.),2014, Minnesota,Ramsey County,27123,0.059513092,17190,288844
Unemployment Rate (1y Avg.),2014, Minnesota,Rice County,27131,0.04311052,1524,35351
Unemployment Rate (1y Avg.),2014, Minnesota,Scott County,27139,0.039806724,3147,79057
Unemployment Rate (1y Avg.),2014, Minnesota,Sherburne County,27141,0.0410286,2063,50282
Unemployment Rate (1y Avg.),2014, Minnesota,St. Louis County,27137,0.058614235,6013,102586
Unemployment Rate (1y Avg.),2014, Minnesota,Stearns County,27145,0.057008006,5085,89198
Unemployment Rate (1y Avg.),2014, Minnesota,Washington County,27163,0.054747846,7584,138526
Unemployment Rate (1y Avg.),2014, Minnesota,Wright County,27171,0.03273638,2327,71083
Unemployment Rate (1y Avg.),2014, Mississippi,DeSoto County,28033,0.069109969,6368,92143
Unemployment Rate (1y Avg.),2014, Mississippi,Forrest County,28035,0.161472097,6046,37443
Unemployment Rate (1y Avg.),2014, Mississippi,Harrison County,28047,0.085275605,8320,97566
Unemployment Rate (1y Avg.),2014, Mississippi,Hinds County,28049,0.092769548,10893,117420
Unemployment Rate (1y Avg.),2014, Mississippi,Jackson County,28059,0.084810361,5407,63754
Unemployment Rate (1y Avg.),2014, Mississippi,Madison County,28089,0.041202292,2159,52400
Unemployment Rate (1y Avg.),2014, Mississippi,Rankin County,28121,0.043648105,3285,75261
Unemployment Rate (1y Avg.),2014, Missouri,Boone County,29019,0.041933037,4093,97608
Unemployment Rate (1y Avg.),2014, Missouri,Buchanan County,29021,0.076507002,3522,46035
Unemployment Rate (1y Avg.),2014, Missouri,Cape Girardeau County,29031,0.062183976,2558,41136
Unemployment Rate (1y Avg.),2014, Missouri,Cass County,29037,0.069074944,3461,50105
Unemployment Rate (1y Avg.),2014, Missouri,Clay County,29047,0.048978005,6175,126077
Unemployment Rate (1y Avg.),2014, Missouri,Cole County,29051,0.056692008,2073,36566
Unemployment Rate (1y Avg.),2014, Missouri,Franklin County,29071,0.045954123,2400,52226
Unemployment Rate (1y Avg.),2014, Missouri,Greene County,29077,0.063068666,9025,143098
Unemployment Rate (1y Avg.),2014, Missouri,Jackson County,29095,0.06508366,23032,353883
Unemployment Rate (1y Avg.),2014, Missouri,Jasper County,29097,0.062012259,3703,59714
Unemployment Rate (1y Avg.),2014, Missouri,Jefferson County,29099,0.068186,7779,114085
Unemployment Rate (1y Avg.),2014, Missouri,Platte County,29165,0.050075274,2661,53140
Unemployment Rate (1y Avg.),2014, Missouri,St. Charles County,29183,0.046238996,9766,211207
Unemployment Rate (1y Avg.),2014, Missouri,St. Louis County,29189,0.06533654,34355,525816
Unemployment Rate (1y Avg.),2014, Missouri,St. Louis city,29510,0.119361646,19955,167181
Unemployment Rate (1y Avg.),2014, Montana,Cascade County,30013,0.037025347,1525,41188
Unemployment Rate (1y Avg.),2014, Montana,Gallatin County,30031,0.052147791,2899,55592
Unemployment Rate (1y Avg.),2014, Montana,Missoula County,30063,0.052223474,3381,64741
Unemployment Rate (1y Avg.),2014, Montana,Yellowstone County,30111,0.030508393,2548,83518
Unemployment Rate (1y Avg.),2014, Nebraska,Douglas County,31055,0.054152366,16123,297734
Unemployment Rate (1y Avg.),2014, Nebraska,Lancaster County,31109,0.040302001,6870,170463
Unemployment Rate (1y Avg.),2014, Nebraska,Sarpy County,31153,0.033260725,3283,98705
Unemployment Rate (1y Avg.),2014, Nevada,Clark County,32003,0.093293875,98363,1054335
Unemployment Rate (1y Avg.),2014, Nevada,Washoe County,32031,0.076587997,17371,226811
Unemployment Rate (1y Avg.),2014, New Hampshire,Grafton County,33009,0.04067345,1923,47279
Unemployment Rate (1y Avg.),2014, New Hampshire,Hillsborough County,33011,0.05398573,12514,231802
Unemployment Rate (1y Avg.),2014, New Hampshire,Merrimack County,33013,0.044520248,3576,80323
Unemployment Rate (1y Avg.),2014, New Hampshire,Rockingham County,33015,0.052745719,9291,176147
Unemployment Rate (1y Avg.),2014, New Hampshire,Strafford County,33017,0.047173701,3319,70357
Unemployment Rate (1y Avg.),2014, New Jersey,Atlantic County,34001,0.114176787,16681,146098
Unemployment Rate (1y Avg.),2014, New Jersey,Bergen County,34003,0.053234644,26626,500163
Unemployment Rate (1y Avg.),2014, New Jersey,Burlington County,34005,0.075573131,18500,244796
Unemployment Rate (1y Avg.),2014, New Jersey,Camden County,34007,0.081942201,22074,269385
Unemployment Rate (1y Avg.),2014, New Jersey,Cape May County,34009,0.096938029,4657,48041
Unemployment Rate (1y Avg.),2014, New Jersey,Cumberland County,34011,0.078714296,5608,71245
Unemployment Rate (1y Avg.),2014, New Jersey,Essex County,34013,0.115697682,48469,418928
Unemployment Rate (1y Avg.),2014, New Jersey,Gloucester County,34015,0.075127348,11946,159010
Unemployment Rate (1y Avg.),2014, New Jersey,Hudson County,34017,0.078149758,29394,376124
Unemployment Rate (1y Avg.),2014, New Jersey,Hunterdon County,34019,0.049559422,3414,68887
Unemployment Rate (1y Avg.),2014, New Jersey,Mercer County,34021,0.082528099,16219,196527
Unemployment Rate (1y Avg.),2014, New Jersey,Middlesex County,34023,0.068141237,30188,443021
Unemployment Rate (1y Avg.),2014, New Jersey,Monmouth County,34025,0.057772089,19273,333604
Unemployment Rate (1y Avg.),2014, New Jersey,Morris County,34027,0.057103023,16138,282612
Unemployment Rate (1y Avg.),2014, New Jersey,Ocean County,34029,0.083410747,22626,271260
Unemployment Rate (1y Avg.),2014, New Jersey,Passaic County,34031,0.066051602,16445,248972
Unemployment Rate (1y Avg.),2014, New Jersey,Salem County,34033,0.094673127,3128,33040
Unemployment Rate (1y Avg.),2014, New Jersey,Somerset County,34035,0.046228081,8421,182162
Unemployment Rate (1y Avg.),2014, New Jersey,Sussex County,34037,0.076855712,6231,81074
Unemployment Rate (1y Avg.),2014, New Jersey,Union County,34039,0.083231874,25020,300606
Unemployment Rate (1y Avg.),2014, New Jersey,Warren County,34041,0.081836596,4807,58739
Unemployment Rate (1y Avg.),2014, New Mexico,Bernalillo County,35001,0.083403818,28201,338126
Unemployment Rate (1y Avg.),2014, New Mexico,Chaves County,35005,0.07728605,2162,27974
Unemployment Rate (1y Avg.),2014, New Mexico,Do√±a Ana County,35013,0.10210073,10294,100822
Unemployment Rate (1y Avg.),2014, New Mexico,Lea County,35025,0.03953385,1245,31492
Unemployment Rate (1y Avg.),2014, New Mexico,McKinley County,35031,0.187834203,5234,27865
Unemployment Rate (1y Avg.),2014, New Mexico,Otero County,35035,0.0876996,2499,28495
Unemployment Rate (1y Avg.),2014, New Mexico,San Juan County,35045,0.094257854,5307,56303
Unemployment Rate (1y Avg.),2014, New Mexico,Sandoval County,35043,0.092343137,6293,68148
Unemployment Rate (1y Avg.),2014, New Mexico,Santa Fe County,35049,0.068419226,5122,74862
Unemployment Rate (1y Avg.),2014, New Mexico,Valencia County,35061,0.143842041,4444,30895
Unemployment Rate (1y Avg.),2014, New York,Albany County,36001,0.059026044,9807,166147
Unemployment Rate (1y Avg.),2014, New York,Bronx County,36005,0.119182922,77349,648994
Unemployment Rate (1y Avg.),2014, New York,Broome County,36007,0.064737983,6062,93639
Unemployment Rate (1y Avg.),2014, New York,Cattaraugus County,36009,0.077347472,2860,36976
Unemployment Rate (1y Avg.),2014, New York,Cayuga County,36011,0.065191492,2572,39453
Unemployment Rate (1y Avg.),2014, New York,Chautauqua County,36013,0.089909032,5525,61451
Unemployment Rate (1y Avg.),2014, New York,Chemung County,36015,0.038720626,1506,38894
Unemployment Rate (1y Avg.),2014, New York,Clinton County,36019,0.045215078,1768,39102
Unemployment Rate (1y Avg.),2014, New York,Dutchess County,36027,0.082121223,13138,159983
Unemployment Rate (1y Avg.),2014, New York,Erie County,36029,0.058900677,27845,472745
Unemployment Rate (1y Avg.),2014, New York,Jefferson County,36045,0.075378984,4510,59831
Unemployment Rate (1y Avg.),2014, New York,Kings County,36047,0.085510939,112445,1314978
Unemployment Rate (1y Avg.),2014, New York,Livingston County,36051,0.062492095,1976,31620
Unemployment Rate (1y Avg.),2014, New York,Madison County,36053,0.058111519,2026,34864
Unemployment Rate (1y Avg.),2014, New York,Monroe County,36055,0.071526721,28162,393727
Unemployment Rate (1y Avg.),2014, New York,Nassau County,36059,0.054257125,38727,713768
Unemployment Rate (1y Avg.),2014, New York,New York County,36061,0.065659657,62703,954970
Unemployment Rate (1y Avg.),2014, New York,Niagara County,36063,0.062928841,6741,107121
Unemployment Rate (1y Avg.),2014, New York,Oneida County,36065,0.074440651,8371,112452
Unemployment Rate (1y Avg.),2014, New York,Onondaga County,36067,0.074490942,17783,238727
Unemployment Rate (1y Avg.),2014, New York,Ontario County,36069,0.055158343,3163,57344
Unemployment Rate (1y Avg.),2014, New York,Orange County,36071,0.05823141,10841,186171
Unemployment Rate (1y Avg.),2014, New York,Oswego County,36075,0.097920753,5689,58098
Unemployment Rate (1y Avg.),2014, New York,Putnam County,36079,0.071780942,4016,55948
Unemployment Rate (1y Avg.),2014, New York,Queens County,36081,0.076808341,93155,1212824
Unemployment Rate (1y Avg.),2014, New York,Rensselaer County,36083,0.069163568,6033,87228
Unemployment Rate (1y Avg.),2014, New York,Richmond County,36085,0.061470348,13690,222709
Unemployment Rate (1y Avg.),2014, New York,Rockland County,36087,0.058262989,9373,160874
Unemployment Rate (1y Avg.),2014, New York,Saratoga County,36091,0.044202205,5458,123478
Unemployment Rate (1y Avg.),2014, New York,Schenectady County,36093,0.064436607,5097,79101
Unemployment Rate (1y Avg.),2014, New York,St. Lawrence County,36089,0.080709413,4032,49957
Unemployment Rate (1y Avg.),2014, New York,Steuben County,36101,0.073708624,3496,47430
Unemployment Rate (1y Avg.),2014, New York,Suffolk County,36103,0.057447109,45051,784217
Unemployment Rate (1y Avg.),2014, New York,Sullivan County,36105,0.080247588,2943,36674
Unemployment Rate (1y Avg.),2014, New York,Tompkins County,36109,0.071739048,3697,51534
Unemployment Rate (1y Avg.),2014, New York,Ulster County,36111,0.089022905,8311,93358
Unemployment Rate (1y Avg.),2014, New York,Warren County,36113,0.051767793,1697,32781
Unemployment Rate (1y Avg.),2014, New York,Wayne County,36117,0.083482221,3738,44776
Unemployment Rate (1y Avg.),2014, New York,Westchester County,36119,0.06935592,35255,508320
Unemployment Rate (1y Avg.),2014, North Carolina,Alamance County,37001,0.069579773,5363,77077
Unemployment Rate (1y Avg.),2014, North Carolina,Brunswick County,37019,0.073532648,4009,54520
Unemployment Rate (1y Avg.),2014, North Carolina,Buncombe County,37021,0.055568747,7021,126348
Unemployment Rate (1y Avg.),2014, North Carolina,Burke County,37023,0.135615334,5717,42156
Unemployment Rate (1y Avg.),2014, North Carolina,Cabarrus County,37025,0.100062087,10315,103086
Unemployment Rate (1y Avg.),2014, North Carolina,Caldwell County,37027,0.08362098,3222,38531
Unemployment Rate (1y Avg.),2014, North Carolina,Carteret County,37031,0.083945036,2859,34058
Unemployment Rate (1y Avg.),2014, North Carolina,Catawba County,37035,0.063686244,4805,75448
Unemployment Rate (1y Avg.),2014, North Carolina,Cleveland County,37045,0.125477567,5452,43450
Unemployment Rate (1y Avg.),2014, North Carolina,Craven County,37049,0.099407583,5185,52159
Unemployment Rate (1y Avg.),2014, North Carolina,Cumberland County,37051,0.081223786,13014,160224
Unemployment Rate (1y Avg.),2014, North Carolina,Davidson County,37057,0.090623781,7190,79339
Unemployment Rate (1y Avg.),2014, North Carolina,Durham County,37063,0.061287791,9445,154109
Unemployment Rate (1y Avg.),2014, North Carolina,Forsyth County,37067,0.094876453,17140,180656
Unemployment Rate (1y Avg.),2014, North Carolina,Gaston County,37071,0.091539502,9280,101377
Unemployment Rate (1y Avg.),2014, North Carolina,Guilford County,37081,0.071005851,18297,257683
Unemployment Rate (1y Avg.),2014, North Carolina,Harnett County,37085,0.118124142,6554,55484
Unemployment Rate (1y Avg.),2014, North Carolina,Henderson County,37089,0.037398633,1877,50189
Unemployment Rate (1y Avg.),2014, North Carolina,Iredell County,37097,0.08539331,7434,87056
Unemployment Rate (1y Avg.),2014, North Carolina,Johnston County,37101,0.069262289,6052,87378
Unemployment Rate (1y Avg.),2014, North Carolina,Lincoln County,37109,0.098138042,3758,38293
Unemployment Rate (1y Avg.),2014, North Carolina,Mecklenburg County,37119,0.084915347,48545,571687
Unemployment Rate (1y Avg.),2014, North Carolina,Nash County,37127,0.108456612,4912,45290
Unemployment Rate (1y Avg.),2014, North Carolina,New Hanover County,37129,0.077037103,8991,116710
Unemployment Rate (1y Avg.),2014, North Carolina,Onslow County,37133,0.071769387,7220,100600
Unemployment Rate (1y Avg.),2014, North Carolina,Orange County,37135,0.071333326,5510,77243
Unemployment Rate (1y Avg.),2014, North Carolina,Pitt County,37147,0.126042038,11627,92247
Unemployment Rate (1y Avg.),2014, North Carolina,Randolph County,37151,0.060297746,4107,68112
Unemployment Rate (1y Avg.),2014, North Carolina,Robeson County,37155,0.121346824,6224,51291
Unemployment Rate (1y Avg.),2014, North Carolina,Rockingham County,37157,0.075186588,3264,43412
Unemployment Rate (1y Avg.),2014, North Carolina,Rowan County,37159,0.098466784,6358,64570
Unemployment Rate (1y Avg.),2014, North Carolina,Surry County,37171,0.061758954,2021,32724
Unemployment Rate (1y Avg.),2014, North Carolina,Union County,37179,0.076718926,8412,109647
Unemployment Rate (1y Avg.),2014, North Carolina,Wake County,37183,0.052782118,29249,554146
Unemployment Rate (1y Avg.),2014, North Carolina,Wayne County,37191,0.110597588,6485,58636
Unemployment Rate (1y Avg.),2014, North Carolina,Wilson County,37195,0.082194373,3043,37022
Unemployment Rate (1y Avg.),2014, North Dakota,Burleigh County,38015,0.024131086,1240,51386
Unemployment Rate (1y Avg.),2014, North Dakota,Cass County,38017,0.033650901,3352,99611
Unemployment Rate (1y Avg.),2014, North Dakota,Grand Forks County,38035,0.036796376,1478,40167
Unemployment Rate (1y Avg.),2014, North Dakota,Ward County,38101,0.02442977,1010,41343
Unemployment Rate (1y Avg.),2014, Ohio,Allen County,39003,0.094802879,4896,51644
Unemployment Rate (1y Avg.),2014, Ohio,Ashtabula County,39007,0.061538812,2701,43891
Unemployment Rate (1y Avg.),2014, Ohio,Belmont County,39013,0.090097122,2885,32021
Unemployment Rate (1y Avg.),2014, Ohio,Butler County,39017,0.063478671,12336,194333
Unemployment Rate (1y Avg.),2014, Ohio,Clark County,39023,0.088769346,5891,66363
Unemployment Rate (1y Avg.),2014, Ohio,Clermont County,39025,0.054761447,5716,104380
Unemployment Rate (1y Avg.),2014, Ohio,Columbiana County,39029,0.088138126,4482,50852
Unemployment Rate (1y Avg.),2014, Ohio,Cuyahoga County,39035,0.100372784,65051,648094
Unemployment Rate (1y Avg.),2014, Ohio,Delaware County,39041,0.026896469,2706,100608
Unemployment Rate (1y Avg.),2014, Ohio,Erie County,39043,0.063211873,2453,38806
Unemployment Rate (1y Avg.),2014, Ohio,Fairfield County,39045,0.045617256,3377,74029
Unemployment Rate (1y Avg.),2014, Ohio,Franklin County,39049,0.059737831,40582,679335
Unemployment Rate (1y Avg.),2014, Ohio,Greene County,39057,0.062073238,5209,83917
Unemployment Rate (1y Avg.),2014, Ohio,Hamilton County,39061,0.08411812,35791,425485
Unemployment Rate (1y Avg.),2014, Ohio,Hancock County,39063,0.0526735,2050,38919
Unemployment Rate (1y Avg.),2014, Ohio,Jefferson County,39081,0.133397698,4007,30038
Unemployment Rate (1y Avg.),2014, Ohio,Lake County,39085,0.053373054,6683,125213
Unemployment Rate (1y Avg.),2014, Ohio,Licking County,39089,0.048127919,4274,88805
Unemployment Rate (1y Avg.),2014, Ohio,Lorain County,39093,0.078064427,11780,150901
Unemployment Rate (1y Avg.),2014, Ohio,Lucas County,39095,0.080547079,17550,217885
Unemployment Rate (1y Avg.),2014, Ohio,Mahoning County,39099,0.081335187,9291,114231
Unemployment Rate (1y Avg.),2014, Ohio,Marion County,39101,0.088192292,2473,28041
Unemployment Rate (1y Avg.),2014, Ohio,Medina County,39103,0.046696391,4514,96667
Unemployment Rate (1y Avg.),2014, Ohio,Montgomery County,39113,0.090617456,23841,263095
Unemployment Rate (1y Avg.),2014, Ohio,Muskingum County,39119,0.081920177,3169,38684
Unemployment Rate (1y Avg.),2014, Ohio,Portage County,39133,0.085057676,7728,90856
Unemployment Rate (1y Avg.),2014, Ohio,Richland County,39139,0.083620787,4509,53922
Unemployment Rate (1y Avg.),2014, Ohio,Ross County,39141,0.128448844,4311,33562
Unemployment Rate (1y Avg.),2014, Ohio,Scioto County,39145,0.082869694,2547,30735
Unemployment Rate (1y Avg.),2014, Ohio,Stark County,39151,0.065303586,12386,189668
Unemployment Rate (1y Avg.),2014, Ohio,Summit County,39153,0.066873476,18949,283356
Unemployment Rate (1y Avg.),2014, Ohio,Trumbull County,39155,0.059252672,5596,94443
Unemployment Rate (1y Avg.),2014, Ohio,Tuscarawas County,39157,0.046543039,2171,46645
Unemployment Rate (1y Avg.),2014, Ohio,Warren County,39165,0.049625915,5512,111071
Unemployment Rate (1y Avg.),2014, Ohio,Wayne County,39169,0.045558047,2541,55775
Unemployment Rate (1y Avg.),2014, Ohio,Wood County,39173,0.060648762,4261,70257
Unemployment Rate (1y Avg.),2014, Oklahoma,Canadian County,40017,0.050264437,3469,69015
Unemployment Rate (1y Avg.),2014, Oklahoma,Cleveland County,40027,0.040194996,5747,142978
Unemployment Rate (1y Avg.),2014, Oklahoma,Comanche County,40031,0.078872867,4792,60756
Unemployment Rate (1y Avg.),2014, Oklahoma,Creek County,40037,0.031368207,1020,32517
Unemployment Rate (1y Avg.),2014, Oklahoma,Muskogee County,40101,0.062921956,1864,29624
Unemployment Rate (1y Avg.),2014, Oklahoma,Oklahoma County,40109,0.060183641,23288,386949
Unemployment Rate (1y Avg.),2014, Oklahoma,Payne County,40119,0.070169091,2714,38678
Unemployment Rate (1y Avg.),2014, Oklahoma,Pottawatomie County,40125,0.073845476,2357,31918
Unemployment Rate (1y Avg.),2014, Oklahoma,Rogers County,40131,0.038760036,1738,44840
Unemployment Rate (1y Avg.),2014, Oklahoma,Tulsa County,40143,0.05305833,17367,327319
Unemployment Rate (1y Avg.),2014, Oklahoma,Wagoner County,40145,0.051031489,1927,37761
Unemployment Rate (1y Avg.),2014, Oregon,Benton County,41003,0.08005666,3504,43769
Unemployment Rate (1y Avg.),2014, Oregon,Clackamas County,41005,0.066100575,13576,205384
Unemployment Rate (1y Avg.),2014, Oregon,Deschutes County,41017,0.065943763,5607,85027
Unemployment Rate (1y Avg.),2014, Oregon,Douglas County,41019,0.13441965,6022,44800
Unemployment Rate (1y Avg.),2014, Oregon,Jackson County,41029,0.087511405,8537,97553
Unemployment Rate (1y Avg.),2014, Oregon,Klamath County,41035,0.09695898,2742,28280
Unemployment Rate (1y Avg.),2014, Oregon,Lane County,41039,0.074856967,13241,176884
Unemployment Rate (1y Avg.),2014, Oregon,Linn County,41043,0.111693136,6077,54408
Unemployment Rate (1y Avg.),2014, Oregon,Marion County,41047,0.08583077,13074,152323
Unemployment Rate (1y Avg.),2014, Oregon,Multnomah County,41051,0.077415884,33835,437055
Unemployment Rate (1y Avg.),2014, Oregon,Polk County,41053,0.126724586,4813,37980
Unemployment Rate (1y Avg.),2014, Oregon,Umatilla County,41059,0.076800771,2560,33333
Unemployment Rate (1y Avg.),2014, Oregon,Washington County,41067,0.067652494,20313,300255
Unemployment Rate (1y Avg.),2014, Oregon,Yamhill County,41071,0.083277367,3968,47648
Unemployment Rate (1y Avg.),2014, Pennsylvania,Adams County,42001,0.053434674,2784,52101
Unemployment Rate (1y Avg.),2014, Pennsylvania,Allegheny County,42003,0.065787017,43382,659431
Unemployment Rate (1y Avg.),2014, Pennsylvania,Armstrong County,42005,0.058915202,1928,32725
Unemployment Rate (1y Avg.),2014, Pennsylvania,Beaver County,42007,0.0588664,5008,85074
Unemployment Rate (1y Avg.),2014, Pennsylvania,Berks County,42011,0.086541787,18780,217005
Unemployment Rate (1y Avg.),2014, Pennsylvania,Blair County,42013,0.062419333,3869,61984
Unemployment Rate (1y Avg.),2014, Pennsylvania,Bucks County,42017,0.061365999,21382,348434
Unemployment Rate (1y Avg.),2014, Pennsylvania,Butler County,42019,0.053747609,5257,97809
Unemployment Rate (1y Avg.),2014, Pennsylvania,Cambria County,42021,0.084051184,5386,64080
Unemployment Rate (1y Avg.),2014, Pennsylvania,Centre County,42027,0.046077818,3599,78107
Unemployment Rate (1y Avg.),2014, Pennsylvania,Chester County,42029,0.050651468,14236,281058
Unemployment Rate (1y Avg.),2014, Pennsylvania,Clearfield County,42033,0.071609244,2548,35582
Unemployment Rate (1y Avg.),2014, Pennsylvania,Columbia County,42037,0.045265485,1393,30774
Unemployment Rate (1y Avg.),2014, Pennsylvania,Crawford County,42039,0.072196394,2982,41304
Unemployment Rate (1y Avg.),2014, Pennsylvania,Cumberland County,42041,0.042278517,5479,129593
Unemployment Rate (1y Avg.),2014, Pennsylvania,Dauphin County,42043,0.056859024,7973,140224
Unemployment Rate (1y Avg.),2014, Pennsylvania,Delaware County,42045,0.074339107,21504,289269
Unemployment Rate (1y Avg.),2014, Pennsylvania,Erie County,42049,0.067824937,9252,136410
Unemployment Rate (1y Avg.),2014, Pennsylvania,Fayette County,42051,0.092197858,5437,58971
Unemployment Rate (1y Avg.),2014, Pennsylvania,Franklin County,42055,0.052573111,3928,74715
Unemployment Rate (1y Avg.),2014, Pennsylvania,Indiana County,42063,0.072500303,3020,41655
Unemployment Rate (1y Avg.),2014, Pennsylvania,Lackawanna County,42069,0.059334937,5924,99840
Unemployment Rate (1y Avg.),2014, Pennsylvania,Lancaster County,42071,0.041938804,11648,277738
Unemployment Rate (1y Avg.),2014, Pennsylvania,Lawrence County,42073,0.063543126,2726,42900
Unemployment Rate (1y Avg.),2014, Pennsylvania,Lebanon County,42075,0.072890446,5068,69529
Unemployment Rate (1y Avg.),2014, Pennsylvania,Lehigh County,42077,0.086793266,16435,189358
Unemployment Rate (1y Avg.),2014, Pennsylvania,Luzerne County,42079,0.073499009,11626,158179
Unemployment Rate (1y Avg.),2014, Pennsylvania,Lycoming County,42081,0.052897081,2999,56695
Unemployment Rate (1y Avg.),2014, Pennsylvania,Mercer County,42085,0.058326866,3081,52823
Unemployment Rate (1y Avg.),2014, Pennsylvania,Monroe County,42089,0.120776571,10134,83907
Unemployment Rate (1y Avg.),2014, Pennsylvania,Montgomery County,42091,0.054652505,24756,452971
Unemployment Rate (1y Avg.),2014, Pennsylvania,Northampton County,42095,0.068422318,10824,158194
Unemployment Rate (1y Avg.),2014, Pennsylvania,Northumberland County,42097,0.058101185,2484,42753
Unemployment Rate (1y Avg.),2014, Pennsylvania,Philadelphia County,42101,0.127890259,95649,747899
Unemployment Rate (1y Avg.),2014, Pennsylvania,Schuylkill County,42107,0.075305656,5143,68295
Unemployment Rate (1y Avg.),2014, Pennsylvania,Somerset County,42111,0.053606045,1908,35593
Unemployment Rate (1y Avg.),2014, Pennsylvania,Washington County,42125,0.046830151,4862,103822
Unemployment Rate (1y Avg.),2014, Pennsylvania,Westmoreland County,42129,0.052846648,9803,185499
Unemployment Rate (1y Avg.),2014, Pennsylvania,York County,42133,0.059202142,13889,234603
Unemployment Rate (1y Avg.),2014, Puerto Rico,Bayam√≥n Municipio,72021,0.143760562,11662,81121
Unemployment Rate (1y Avg.),2014, Puerto Rico,Caguas Municipio,72025,0.132327452,7560,57131
Unemployment Rate (1y Avg.),2014, Puerto Rico,Carolina Municipio,72031,0.133722514,9850,73660
Unemployment Rate (1y Avg.),2014, Puerto Rico,Guaynabo Municipio,72061,0.105721861,4464,42224
Unemployment Rate (1y Avg.),2014, Puerto Rico,Mayag√ºez Municipio,72097,0.277382642,7995,28823
Unemployment Rate (1y Avg.),2014, Puerto Rico,Ponce Municipio,72113,0.172647253,8160,47264
Unemployment Rate (1y Avg.),2014, Puerto Rico,San Juan Municipio,72127,0.152335495,23589,154849
Unemployment Rate (1y Avg.),2014, Puerto Rico,Toa Baja Municipio,72137,0.197866932,7625,38536
Unemployment Rate (1y Avg.),2014, Rhode Island,Kent County,44003,0.082642049,7681,92943
Unemployment Rate (1y Avg.),2014, Rhode Island,Newport County,44005,0.054040123,2516,46558
Unemployment Rate (1y Avg.),2014, Rhode Island,Providence County,44007,0.085197896,28128,330149
Unemployment Rate (1y Avg.),2014, Rhode Island,Washington County,44009,0.05790383,3922,67733
Unemployment Rate (1y Avg.),2014, South Carolina,Aiken County,45003,0.075083032,6036,80391
Unemployment Rate (1y Avg.),2014, South Carolina,Anderson County,45007,0.087383151,7899,90395
Unemployment Rate (1y Avg.),2014, South Carolina,Beaufort County,45013,0.059956294,4966,82827
Unemployment Rate (1y Avg.),2014, South Carolina,Berkeley County,45015,0.0535133,5277,98611
Unemployment Rate (1y Avg.),2014, South Carolina,Charleston County,45019,0.062482078,12855,205739
Unemployment Rate (1y Avg.),2014, South Carolina,Darlington County,45031,0.178111374,5434,30509
Unemployment Rate (1y Avg.),2014, South Carolina,Dorchester County,45035,0.08173696,6349,77676
Unemployment Rate (1y Avg.),2014, South Carolina,Florence County,45041,0.112429187,7601,67607
Unemployment Rate (1y Avg.),2014, South Carolina,Greenville County,45045,0.058953431,14389,244074
Unemployment Rate (1y Avg.),2014, South Carolina,Horry County,45051,0.070696823,10172,143882
Unemployment Rate (1y Avg.),2014, South Carolina,Lancaster County,45057,0.101731092,3908,38415
Unemployment Rate (1y Avg.),2014, South Carolina,Laurens County,45059,0.102798171,3108,30234
Unemployment Rate (1y Avg.),2014, South Carolina,Lexington County,45063,0.06350103,9214,145100
Unemployment Rate (1y Avg.),2014, South Carolina,Oconee County,45073,0.090433761,2923,32322
Unemployment Rate (1y Avg.),2014, South Carolina,Orangeburg County,45075,0.105836511,3857,36443
Unemployment Rate (1y Avg.),2014, South Carolina,Pickens County,45077,0.069523498,3811,54816
Unemployment Rate (1y Avg.),2014, South Carolina,Richland County,45079,0.073822357,16054,217468
Unemployment Rate (1y Avg.),2014, South Carolina,Spartanburg County,45083,0.067602202,9442,139670
Unemployment Rate (1y Avg.),2014, South Carolina,Sumter County,45085,0.165215805,8123,49166
Unemployment Rate (1y Avg.),2014, South Carolina,York County,45091,0.089667194,11421,127371
Unemployment Rate (1y Avg.),2014, South Dakota,Minnehaha County,46099,0.043854538,4743,108153
Unemployment Rate (1y Avg.),2014, South Dakota,Pennington County,46103,0.026217746,1520,57976
Unemployment Rate (1y Avg.),2014, Tennessee,Anderson County,47001,0.083328716,3010,36122
Unemployment Rate (1y Avg.),2014, Tennessee,Blount County,47009,0.093394078,5740,61460
Unemployment Rate (1y Avg.),2014, Tennessee,Bradley County,47011,0.092290096,4599,49832
Unemployment Rate (1y Avg.),2014, Tennessee,Davidson County,47037,0.063973352,24120,377032
Unemployment Rate (1y Avg.),2014, Tennessee,Greene County,47059,0.108653545,3478,32010
Unemployment Rate (1y Avg.),2014, Tennessee,Hamilton County,47065,0.075777948,13637,179960
Unemployment Rate (1y Avg.),2014, Tennessee,Knox County,47093,0.058658231,13276,226328
Unemployment Rate (1y Avg.),2014, Tennessee,Madison County,47113,0.063000388,2943,46714
Unemployment Rate (1y Avg.),2014, Tennessee,Maury County,47119,0.080102473,3502,43719
Unemployment Rate (1y Avg.),2014, Tennessee,Montgomery County,47125,0.06666594,6140,92101
Unemployment Rate (1y Avg.),2014, Tennessee,Rutherford County,47149,0.061769441,9438,152794
Unemployment Rate (1y Avg.),2014, Tennessee,Sevier County,47155,0.087892413,4124,46921
Unemployment Rate (1y Avg.),2014, Tennessee,Shelby County,47157,0.089439839,41854,467957
Unemployment Rate (1y Avg.),2014, Tennessee,Sullivan County,47163,0.065077305,4605,70762
Unemployment Rate (1y Avg.),2014, Tennessee,Sumner County,47165,0.063622735,5773,90738
Unemployment Rate (1y Avg.),2014, Tennessee,Washington County,47179,0.061669361,3740,60646
Unemployment Rate (1y Avg.),2014, Tennessee,Williamson County,47187,0.042256948,4516,106870
Unemployment Rate (1y Avg.),2014, Tennessee,Wilson County,47189,0.045095794,2954,65505
Unemployment Rate (1y Avg.),2014, Texas,Angelina County,48005,0.101003841,4075,40345
Unemployment Rate (1y Avg.),2014, Texas,Bell County,48027,0.072977446,12220,167449
Unemployment Rate (1y Avg.),2014, Texas,Bexar County,48029,0.064934336,60259,927999
Unemployment Rate (1y Avg.),2014, Texas,Bowie County,48037,0.070073694,2767,39487
Unemployment Rate (1y Avg.),2014, Texas,Brazoria County,48039,0.034096207,5557,162980
Unemployment Rate (1y Avg.),2014, Texas,Brazos County,48041,0.05579618,6016,107821
Unemployment Rate (1y Avg.),2014, Texas,Cameron County,48061,0.081661418,13383,163884
Unemployment Rate (1y Avg.),2014, Texas,Collin County,48085,0.050888278,24786,487067
Unemployment Rate (1y Avg.),2014, Texas,Comal County,48091,0.033706095,1926,57141
Unemployment Rate (1y Avg.),2014, Texas,Coryell County,48099,0.084814869,2829,33355
Unemployment Rate (1y Avg.),2014, Texas,Dallas County,48113,0.067275807,88090,1309386
Unemployment Rate (1y Avg.),2014, Texas,Denton County,48121,0.049261816,20871,423675
Unemployment Rate (1y Avg.),2014, Texas,Ector County,48135,0.053334739,4044,75823
Unemployment Rate (1y Avg.),2014, Texas,El Paso County,48141,0.078105062,29502,377722
Unemployment Rate (1y Avg.),2014, Texas,Ellis County,48139,0.043746032,3445,78750
Unemployment Rate (1y Avg.),2014, Texas,Fort Bend County,48157,0.049303535,16866,342085
Unemployment Rate (1y Avg.),2014, Texas,Galveston County,48167,0.056352135,8776,155735
Unemployment Rate (1y Avg.),2014, Texas,Grayson County,48181,0.084734522,5110,60306
Unemployment Rate (1y Avg.),2014, Texas,Gregg County,48183,0.052908357,3139,59329
Unemployment Rate (1y Avg.),2014, Texas,Guadalupe County,48187,0.055015028,4009,72871
Unemployment Rate (1y Avg.),2014, Texas,Harris County,48201,0.061200488,140923,2302645
Unemployment Rate (1y Avg.),2014, Texas,Hays County,48209,0.071243197,6808,95560
Unemployment Rate (1y Avg.),2014, Texas,Henderson County,48213,0.065355413,2100,32132
Unemployment Rate (1y Avg.),2014, Texas,Hidalgo County,48215,0.093376331,31158,333682
Unemployment Rate (1y Avg.),2014, Texas,Hunt County,48231,0.074631371,2966,39742
Unemployment Rate (1y Avg.),2014, Texas,Jefferson County,48245,0.077503629,8698,112227
Unemployment Rate (1y Avg.),2014, Texas,Johnson County,48251,0.063694432,4926,77338
Unemployment Rate (1y Avg.),2014, Texas,Kaufman County,48257,0.090396397,5017,55500
Unemployment Rate (1y Avg.),2014, Texas,Liberty County,48291,0.047814667,1420,29698
Unemployment Rate (1y Avg.),2014, Texas,Lubbock County,48303,0.043768123,6657,152097
Unemployment Rate (1y Avg.),2014, Texas,McLennan County,48309,0.046820007,5321,113648
Unemployment Rate (1y Avg.),2014, Texas,Midland County,48329,0.037657198,3198,84924
Unemployment Rate (1y Avg.),2014, Texas,Montgomery County,48339,0.044906553,11495,255976
Unemployment Rate (1y Avg.),2014, Texas,Nueces County,48355,0.068930574,12313,178629
Unemployment Rate (1y Avg.),2014, Texas,Orange County,48361,0.063562885,2493,39221
Unemployment Rate (1y Avg.),2014, Texas,Parker County,48367,0.060894482,3634,59677
Unemployment Rate (1y Avg.),2014, Texas,Potter County,48375,0.052956067,2929,55310
Unemployment Rate (1y Avg.),2014, Texas,Smith County,48423,0.07096976,7270,102438
Unemployment Rate (1y Avg.),2014, Texas,Tarrant County,48439,0.061760258,61933,1002797
Unemployment Rate (1y Avg.),2014, Texas,Taylor County,48441,0.051701691,3614,69901
Unemployment Rate (1y Avg.),2014, Texas,Tom Green County,48451,0.023792267,1313,55186
Unemployment Rate (1y Avg.),2014, Texas,Travis County,48453,0.044344813,28624,645487
Unemployment Rate (1y Avg.),2014, Texas,Webb County,48479,0.064761005,6987,107889
Unemployment Rate (1y Avg.),2014, Texas,Wichita County,48485,0.055320915,3602,65111
Unemployment Rate (1y Avg.),2014, Texas,Williamson County,48491,0.042735144,10919,255504
Unemployment Rate (1y Avg.),2014, Utah,Cache County,49005,0.044664834,2504,56062
Unemployment Rate (1y Avg.),2014, Utah,Davis County,49011,0.04650094,7385,158814
Unemployment Rate (1y Avg.),2014, Utah,Salt Lake County,49035,0.046351429,26747,577048
Unemployment Rate (1y Avg.),2014, Utah,Utah County,49049,0.047684383,12442,260924
Unemployment Rate (1y Avg.),2014, Utah,Washington County,49053,0.05520555,3470,62856
Unemployment Rate (1y Avg.),2014, Utah,Weber County,49057,0.066981889,8188,122242
Unemployment Rate (1y Avg.),2014, Vermont,Chittenden County,50007,0.048257943,4532,93912
Unemployment Rate (1y Avg.),2014, Virginia,Albemarle County,51003,0.049470663,2500,50535
Unemployment Rate (1y Avg.),2014, Virginia,Alexandria city,51510,0.037743207,3775,100018
Unemployment Rate (1y Avg.),2014, Virginia,Arlington County,51013,0.031659037,4731,149436
Unemployment Rate (1y Avg.),2014, Virginia,Chesapeake city,51550,0.067975074,8160,120044
Unemployment Rate (1y Avg.),2014, Virginia,Chesterfield County,51041,0.052973542,9637,181921
Unemployment Rate (1y Avg.),2014, Virginia,Fairfax County,51059,0.051019605,33068,648143
Unemployment Rate (1y Avg.),2014, Virginia,Hampton city,51650,0.091067657,6683,73385
Unemployment Rate (1y Avg.),2014, Virginia,Hanover County,51085,0.040149808,2262,56339
Unemployment Rate (1y Avg.),2014, Virginia,Henrico County,51087,0.066209465,11923,180080
Unemployment Rate (1y Avg.),2014, Virginia,Loudoun County,51107,0.040371448,8108,200835
Unemployment Rate (1y Avg.),2014, Virginia,Lynchburg city,51680,0.058292173,2207,37861
Unemployment Rate (1y Avg.),2014, Virginia,Montgomery County,51121,0.069390565,3327,47946
Unemployment Rate (1y Avg.),2014, Virginia,Newport News city,51700,0.077759475,7695,98959
Unemployment Rate (1y Avg.),2014, Virginia,Norfolk city,51710,0.075525269,10162,134551
Unemployment Rate (1y Avg.),2014, Virginia,Portsmouth city,51740,0.102543846,5063,49374
Unemployment Rate (1y Avg.),2014, Virginia,Prince William County,51153,0.048628315,11933,245392
Unemployment Rate (1y Avg.),2014, Virginia,Richmond city,51760,0.100644261,12263,121845
Unemployment Rate (1y Avg.),2014, Virginia,Roanoke County,51161,0.045442227,2180,47973
Unemployment Rate (1y Avg.),2014, Virginia,Roanoke city,51770,0.080133297,4136,51614
Unemployment Rate (1y Avg.),2014, Virginia,Rockingham County,51165,0.055053152,2289,41578
Unemployment Rate (1y Avg.),2014, Virginia,Spotsylvania County,51177,0.063206114,4291,67889
Unemployment Rate (1y Avg.),2014, Virginia,Stafford County,51179,0.047291338,3539,74834
Unemployment Rate (1y Avg.),2014, Virginia,Suffolk city,51800,0.082175136,3719,45257
Unemployment Rate (1y Avg.),2014, Virginia,Virginia Beach city,51810,0.048559312,12252,252310
Unemployment Rate (1y Avg.),2014, Washington,Benton County,53005,0.057849485,5174,89439
Unemployment Rate (1y Avg.),2014, Washington,Clallam County,53009,0.074298263,2369,31885
Unemployment Rate (1y Avg.),2014, Washington,Clark County,53011,0.072301216,16328,225833
Unemployment Rate (1y Avg.),2014, Washington,Cowlitz County,53015,0.126245245,5576,44168
Unemployment Rate (1y Avg.),2014, Washington,Grant County,53025,0.069418386,2997,43173
Unemployment Rate (1y Avg.),2014, Washington,Grays Harbor County,53027,0.121557452,3584,29484
Unemployment Rate (1y Avg.),2014, Washington,Island County,53029,0.074414805,2912,39132
Unemployment Rate (1y Avg.),2014, Washington,King County,53033,0.051188819,59888,1169943
Unemployment Rate (1y Avg.),2014, Washington,Kitsap County,53035,0.056398079,7196,127593
Unemployment Rate (1y Avg.),2014, Washington,Lewis County,53041,0.113003701,3755,33229
Unemployment Rate (1y Avg.),2014, Washington,Pierce County,53053,0.072595507,30492,420026
Unemployment Rate (1y Avg.),2014, Washington,Skagit County,53057,0.067817643,3771,55605
Unemployment Rate (1y Avg.),2014, Washington,Snohomish County,53061,0.059799444,24384,407763
Unemployment Rate (1y Avg.),2014, Washington,Spokane County,53063,0.05989553,13840,231069
Unemployment Rate (1y Avg.),2014, Washington,Thurston County,53067,0.07493899,10349,138099
Unemployment Rate (1y Avg.),2014, Washington,Whatcom County,53073,0.08844474,9638,108972
Unemployment Rate (1y Avg.),2014, Washington,Yakima County,53077,0.068224944,7551,110678
Unemployment Rate (1y Avg.),2014, West Virginia,Berkeley County,54003,0.086328924,4940,57223
Unemployment Rate (1y Avg.),2014, West Virginia,Cabell County,54011,0.058341622,2464,42234
Unemployment Rate (1y Avg.),2014, West Virginia,Harrison County,54033,0.075149469,2451,32615
Unemployment Rate (1y Avg.),2014, West Virginia,Kanawha County,54039,0.067039996,5878,87679
Unemployment Rate (1y Avg.),2014, West Virginia,Monongalia County,54061,0.072695032,3690,50760
Unemployment Rate (1y Avg.),2014, West Virginia,Wood County,54107,0.062643968,2502,39940
Unemployment Rate (1y Avg.),2014, Wisconsin,Brown County,55009,0.050140668,6915,137912
Unemployment Rate (1y Avg.),2014, Wisconsin,Dane County,55025,0.051155321,15608,305110
Unemployment Rate (1y Avg.),2014, Wisconsin,Dodge County,55027,0.048849571,2242,45896
Unemployment Rate (1y Avg.),2014, Wisconsin,Eau Claire County,55035,0.038241051,2208,57739
Unemployment Rate (1y Avg.),2014, Wisconsin,Fond du Lac County,55039,0.049065504,2725,55538
Unemployment Rate (1y Avg.),2014, Wisconsin,Jefferson County,55055,0.059339382,2754,46411
Unemployment Rate (1y Avg.),2014, Wisconsin,Kenosha County,55059,0.079185128,6845,86443
Unemployment Rate (1y Avg.),2014, Wisconsin,La Crosse County,55063,0.051256098,3393,66197
Unemployment Rate (1y Avg.),2014, Wisconsin,Manitowoc County,55071,0.040453382,1706,42172
Unemployment Rate (1y Avg.),2014, Wisconsin,Marathon County,55073,0.045197967,3387,74937
Unemployment Rate (1y Avg.),2014, Wisconsin,Milwaukee County,55079,0.084882773,41530,489263
Unemployment Rate (1y Avg.),2014, Wisconsin,Outagamie County,55087,0.033713605,3366,99841
Unemployment Rate (1y Avg.),2014, Wisconsin,Ozaukee County,55089,0.038955443,1899,48748
Unemployment Rate (1y Avg.),2014, Wisconsin,Portage County,55097,0.055477832,2181,39313
Unemployment Rate (1y Avg.),2014, Wisconsin,Racine County,55101,0.062775798,6174,98350
Unemployment Rate (1y Avg.),2014, Wisconsin,Rock County,55105,0.063384771,5373,84768
Unemployment Rate (1y Avg.),2014, Wisconsin,Sheboygan County,55117,0.042529475,2709,63697
Unemployment Rate (1y Avg.),2014, Wisconsin,Walworth County,55127,0.055685099,3200,57466
Unemployment Rate (1y Avg.),2014, Wisconsin,Washington County,55131,0.037449099,2851,76130
Unemployment Rate (1y Avg.),2014, Wisconsin,Waukesha County,55133,0.033182461,7280,219393
Unemployment Rate (1y Avg.),2014, Wisconsin,Winnebago County,55139,0.03797441,3535,93089
Unemployment Rate (1y Avg.),2014, Wisconsin,Wood County,55141,0.046743806,1826,39064
Unemployment Rate (1y Avg.),2014, Wyoming,Laramie County,56021,0.040814746,2110,51697
Unemployment Rate (1y Avg.),2014, Wyoming,Natrona County,56025,0.029091945,1327,45614
