measure label,year,state,county,fips,perc_vacant_housing_1y2013,numerator,denominator
perc_vacant_housing_1y,2013, Alabama,Baldwin County,1003,0.313292861,33142,105786
perc_vacant_housing_1y,2013, Alabama,Calhoun County,1015,0.172088206,9131,53060
perc_vacant_housing_1y,2013, Alabama,Cullman County,1043,0.125996426,4647,36882
perc_vacant_housing_1y,2013, Alabama,DeKalb County,1049,0.261465669,8067,30853
perc_vacant_housing_1y,2013, Alabama,Elmore County,1051,0.138081789,4548,32937
perc_vacant_housing_1y,2013, Alabama,Etowah County,1055,0.150649026,7126,47302
perc_vacant_housing_1y,2013, Alabama,Houston County,1069,0.11867319,5456,45975
perc_vacant_housing_1y,2013, Alabama,Jefferson County,1073,0.147747099,44795,303187
perc_vacant_housing_1y,2013, Alabama,Lauderdale County,1077,0.105178364,4635,44068
perc_vacant_housing_1y,2013, Alabama,Lee County,1081,0.114986457,7431,64625
perc_vacant_housing_1y,2013, Alabama,Limestone County,1083,0.06082559,2141,35199
perc_vacant_housing_1y,2013, Alabama,Madison County,1089,0.096589193,14703,152222
perc_vacant_housing_1y,2013, Alabama,Marshall County,1095,0.153443903,6162,40158
perc_vacant_housing_1y,2013, Alabama,Mobile County,1097,0.175869659,31745,180503
perc_vacant_housing_1y,2013, Alabama,Montgomery County,1101,0.143972009,14814,102895
perc_vacant_housing_1y,2013, Alabama,Morgan County,1103,0.083243854,4264,51223
perc_vacant_housing_1y,2013, Alabama,Shelby County,1117,0.097725399,8060,82476
perc_vacant_housing_1y,2013, Alabama,St. Clair County,1115,,,35486
perc_vacant_housing_1y,2013, Alabama,Talladega County,1121,0.144427598,5334,36932
perc_vacant_housing_1y,2013, Alabama,Tuscaloosa County,1125,0.18995297,16441,86553
perc_vacant_housing_1y,2013, Alabama,Walker County,1127,0.180336475,5499,30493
perc_vacant_housing_1y,2013, Alaska,Anchorage Municipality,2020,0.077923104,8865,113766
perc_vacant_housing_1y,2013, Alaska,Fairbanks North Star Borough,2090,0.168629527,7016,41606
perc_vacant_housing_1y,2013, Alaska,Matanuska-Susitna Borough,2170,0.260232776,10732,41240
perc_vacant_housing_1y,2013, Arizona,Apache County,4001,0.44060728,14366,32605
perc_vacant_housing_1y,2013, Arizona,Cochise County,4003,0.193676814,11676,60286
perc_vacant_housing_1y,2013, Arizona,Coconino County,4005,0.218730673,14144,64664
perc_vacant_housing_1y,2013, Arizona,Maricopa County,4013,0.131682366,219677,1668234
perc_vacant_housing_1y,2013, Arizona,Mohave County,4015,0.25035581,27969,111717
perc_vacant_housing_1y,2013, Arizona,Navajo County,4017,0.375608385,21531,57323
perc_vacant_housing_1y,2013, Arizona,Pima County,4019,0.112365685,50226,446987
perc_vacant_housing_1y,2013, Arizona,Pinal County,4021,0.202813938,33313,164254
perc_vacant_housing_1y,2013, Arizona,Yavapai County,4025,0.168867439,18863,111703
perc_vacant_housing_1y,2013, Arizona,Yuma County,4027,0.20697467,18547,89610
perc_vacant_housing_1y,2013, Arkansas,Benton County,5007,0.135141343,12936,95722
perc_vacant_housing_1y,2013, Arkansas,Craighead County,5031,0.098305643,4189,42612
perc_vacant_housing_1y,2013, Arkansas,Faulkner County,5045,0.115660906,5587,48305
perc_vacant_housing_1y,2013, Arkansas,Garland County,5051,0.167842731,8444,50309
perc_vacant_housing_1y,2013, Arkansas,Jefferson County,5069,0.152637318,5041,33026
perc_vacant_housing_1y,2013, Arkansas,Lonoke County,5085,0.121841446,3438,28217
perc_vacant_housing_1y,2013, Arkansas,Pulaski County,5119,0.171775356,30895,179857
perc_vacant_housing_1y,2013, Arkansas,Saline County,5125,0.108121596,4983,46087
perc_vacant_housing_1y,2013, Arkansas,Sebastian County,5131,0.09709733,5399,55604
perc_vacant_housing_1y,2013, Arkansas,Washington County,5143,0.084940784,7552,88909
perc_vacant_housing_1y,2013, Arkansas,White County,5145,0.115234613,3782,32820
perc_vacant_housing_1y,2013, California,Alameda County,6001,0.050771568,29845,587829
perc_vacant_housing_1y,2013, California,Butte County,6007,0.107924543,10424,96586
perc_vacant_housing_1y,2013, California,Contra Costa County,6013,0.050244082,20307,404167
perc_vacant_housing_1y,2013, California,El Dorado County,6017,0.222754657,19710,88483
perc_vacant_housing_1y,2013, California,Fresno County,6019,0.080755368,25906,320796
perc_vacant_housing_1y,2013, California,Humboldt County,6023,0.125758365,7794,61976
perc_vacant_housing_1y,2013, California,Imperial County,6025,0.150339872,8493,56492
perc_vacant_housing_1y,2013, California,Kern County,6029,0.105502062,30425,288383
perc_vacant_housing_1y,2013, California,Kings County,6031,,,44522
perc_vacant_housing_1y,2013, California,Lake County,6033,0.256365389,9082,35426
perc_vacant_housing_1y,2013, California,Los Angeles County,6037,0.056680985,196254,3462431
perc_vacant_housing_1y,2013, California,Madera County,6039,0.087660894,4345,49566
perc_vacant_housing_1y,2013, California,Marin County,6041,0.066794544,7452,111566
perc_vacant_housing_1y,2013, California,Mendocino County,6045,0.1641673,6645,40477
perc_vacant_housing_1y,2013, California,Merced County,6047,0.073519237,6164,83842
perc_vacant_housing_1y,2013, California,Monterey County,6053,0.09611439,13397,139386
perc_vacant_housing_1y,2013, California,Napa County,6055,0.117457546,6453,54939
perc_vacant_housing_1y,2013, California,Nevada County,6057,0.230372846,12160,52784
perc_vacant_housing_1y,2013, California,Orange County,6059,0.05030518,53325,1060030
perc_vacant_housing_1y,2013, California,Placer County,6061,0.133654952,20834,155879
perc_vacant_housing_1y,2013, California,Riverside County,6065,0.117849834,95588,811100
perc_vacant_housing_1y,2013, California,Sacramento County,6067,0.064600058,36100,558823
perc_vacant_housing_1y,2013, California,San Bernardino County,6071,0.137427077,96646,703253
perc_vacant_housing_1y,2013, California,San Diego County,6073,0.063486628,74711,1176799
perc_vacant_housing_1y,2013, California,San Francisco County,6075,0.065606125,24996,381001
perc_vacant_housing_1y,2013, California,San Joaquin County,6077,0.081537679,19238,235940
perc_vacant_housing_1y,2013, California,San Luis Obispo County,6079,0.086200334,10190,118213
perc_vacant_housing_1y,2013, California,San Mateo County,6081,0.043284316,11780,272154
perc_vacant_housing_1y,2013, California,Santa Barbara County,6083,0.074944958,11506,153526
perc_vacant_housing_1y,2013, California,Santa Clara County,6085,0.033798903,21721,642654
perc_vacant_housing_1y,2013, California,Santa Cruz County,6087,0.094968334,9941,104677
perc_vacant_housing_1y,2013, California,Shasta County,6089,0.097558461,7564,77533
perc_vacant_housing_1y,2013, California,Solano County,6095,0.071418822,10989,153867
perc_vacant_housing_1y,2013, California,Sonoma County,6097,0.069747768,14346,205684
perc_vacant_housing_1y,2013, California,Stanislaus County,6099,0.066965304,12034,179705
perc_vacant_housing_1y,2013, California,Sutter County,6101,0.057106674,1939,33954
perc_vacant_housing_1y,2013, California,Tulare County,6107,0.072420888,10452,144323
perc_vacant_housing_1y,2013, California,Ventura County,6111,0.05488316,15522,282819
perc_vacant_housing_1y,2013, California,Yolo County,6113,0.055052172,4168,75710
perc_vacant_housing_1y,2013, California,Yuba County,6115,0.093274705,2588,27746
perc_vacant_housing_1y,2013, Colorado,Adams County,8001,0.041897301,6888,164402
perc_vacant_housing_1y,2013, Colorado,Arapahoe County,8005,0.043032669,10367,240910
perc_vacant_housing_1y,2013, Colorado,Boulder County,8013,0.039681189,5128,129230
perc_vacant_housing_1y,2013, Colorado,Denver County,8031,0.065748818,19279,293222
perc_vacant_housing_1y,2013, Colorado,Douglas County,8035,0.038115162,4245,111373
perc_vacant_housing_1y,2013, Colorado,El Paso County,8041,0.067000277,17312,258387
perc_vacant_housing_1y,2013, Colorado,Jefferson County,8059,0.040933046,9476,231500
perc_vacant_housing_1y,2013, Colorado,Larimer County,8069,0.086155839,11724,136079
perc_vacant_housing_1y,2013, Colorado,Mesa County,8077,0.071722411,4533,63202
perc_vacant_housing_1y,2013, Colorado,Pueblo County,8101,0.098105304,6840,69721
perc_vacant_housing_1y,2013, Colorado,Weld County,8123,0.057338003,5633,98242
perc_vacant_housing_1y,2013, Connecticut,Fairfield County,9001,0.090100005,32659,362475
perc_vacant_housing_1y,2013, Connecticut,Hartford County,9003,0.072333366,27027,373645
perc_vacant_housing_1y,2013, Connecticut,Litchfield County,9005,0.129781574,11325,87262
perc_vacant_housing_1y,2013, Connecticut,Middlesex County,9007,0.115049317,8631,75020
perc_vacant_housing_1y,2013, Connecticut,New Haven County,9009,0.108268872,39134,361452
perc_vacant_housing_1y,2013, Connecticut,New London County,9011,0.10439942,12615,120834
perc_vacant_housing_1y,2013, Connecticut,Tolland County,9013,0.081627756,4762,58338
perc_vacant_housing_1y,2013, Connecticut,Windham County,9015,0.090608813,4444,49046
perc_vacant_housing_1y,2013, Delaware,Kent County,10001,0.07009723,4686,66850
perc_vacant_housing_1y,2013, Delaware,New Castle County,10003,0.083233453,18194,218590
perc_vacant_housing_1y,2013, Delaware,Sussex County,10005,0.35988149,45552,126575
perc_vacant_housing_1y,2013, District of Columbia,District of Columbia,11001,0.093281627,28262,302975
perc_vacant_housing_1y,2013, Florida,Alachua County,12001,0.125144735,14159,113141
perc_vacant_housing_1y,2013, Florida,Bay County,12005,0.347177744,34573,99583
perc_vacant_housing_1y,2013, Florida,Brevard County,12009,0.181362033,49084,270641
perc_vacant_housing_1y,2013, Florida,Broward County,12011,0.167367876,136010,812641
perc_vacant_housing_1y,2013, Florida,Charlotte County,12015,0.267458618,26928,100681
perc_vacant_housing_1y,2013, Florida,Citrus County,12017,0.176708803,13658,77291
perc_vacant_housing_1y,2013, Florida,Clay County,12019,0.111001961,8475,76350
perc_vacant_housing_1y,2013, Florida,Collier County,12021,0.298834175,59852,200285
perc_vacant_housing_1y,2013, Florida,Columbia County,12023,0.151601329,4265,28133
perc_vacant_housing_1y,2013, Florida,Duval County,12031,0.14441739,56700,392612
perc_vacant_housing_1y,2013, Florida,Escambia County,12033,0.175761357,24199,137681
perc_vacant_housing_1y,2013, Florida,Flagler County,12035,0.261706471,12821,48990
perc_vacant_housing_1y,2013, Florida,Hernando County,12053,0.172198325,14496,84182
perc_vacant_housing_1y,2013, Florida,Highlands County,12055,0.23409237,12799,54675
perc_vacant_housing_1y,2013, Florida,Hillsborough County,12057,0.108245179,59185,546768
perc_vacant_housing_1y,2013, Florida,Indian River County,12061,0.232055798,17801,76710
perc_vacant_housing_1y,2013, Florida,Lake County,12069,0.152938411,22110,144568
perc_vacant_housing_1y,2013, Florida,Lee County,12071,0.293658584,109236,371983
perc_vacant_housing_1y,2013, Florida,Leon County,12073,0.111698225,14015,125472
perc_vacant_housing_1y,2013, Florida,Manatee County,12081,0.22425963,39271,175114
perc_vacant_housing_1y,2013, Florida,Marion County,12083,0.170343876,27671,162442
perc_vacant_housing_1y,2013, Florida,Martin County,12085,0.183423325,14336,78158
perc_vacant_housing_1y,2013, Florida,Miami-Dade County,12086,0.148395211,147513,994055
perc_vacant_housing_1y,2013, Florida,Monroe County,12087,0.468959481,24694,52657
perc_vacant_housing_1y,2013, Florida,Nassau County,12089,0.191625401,6773,35345
perc_vacant_housing_1y,2013, Florida,Okaloosa County,12091,0.210085467,19739,93957
perc_vacant_housing_1y,2013, Florida,Orange County,12095,0.146944329,73307,498876
perc_vacant_housing_1y,2013, Florida,Osceola County,12097,0.314651072,41241,131069
perc_vacant_housing_1y,2013, Florida,Palm Beach County,12099,0.186655611,124979,669570
perc_vacant_housing_1y,2013, Florida,Pasco County,12101,0.189361602,43517,229809
perc_vacant_housing_1y,2013, Florida,Pinellas County,12103,0.181104675,90753,501108
perc_vacant_housing_1y,2013, Florida,Polk County,12105,0.215670586,60369,279913
perc_vacant_housing_1y,2013, Florida,Putnam County,12107,0.28733331,10471,36442
perc_vacant_housing_1y,2013, Florida,Santa Rosa County,12113,0.098329708,6511,66216
perc_vacant_housing_1y,2013, Florida,Sarasota County,12115,0.239456117,54823,228948
perc_vacant_housing_1y,2013, Florida,Seminole County,12117,0.19233343,35348,183785
perc_vacant_housing_1y,2013, Florida,St. Johns County,12109,0.158832476,14932,94011
perc_vacant_housing_1y,2013, Florida,St. Lucie County,12111,0.221721083,30331,136798
perc_vacant_housing_1y,2013, Florida,Sumter County,12119,0.151345372,9157,60504
perc_vacant_housing_1y,2013, Florida,Volusia County,12127,0.199509904,50723,254238
perc_vacant_housing_1y,2013, Georgia,Barrow County,13013,0.104564533,2765,26443
perc_vacant_housing_1y,2013, Georgia,Bartow County,13015,0.116925098,4630,39598
perc_vacant_housing_1y,2013, Georgia,Bibb County,13021,0.216773421,15162,69944
perc_vacant_housing_1y,2013, Georgia,Bulloch County,13031,0.152347058,4495,29505
perc_vacant_housing_1y,2013, Georgia,Carroll County,13045,0.074584141,3309,44366
perc_vacant_housing_1y,2013, Georgia,Catoosa County,13047,,,26618
perc_vacant_housing_1y,2013, Georgia,Chatham County,13051,0.140609309,17086,121514
perc_vacant_housing_1y,2013, Georgia,Cherokee County,13057,0.087483048,7354,84062
perc_vacant_housing_1y,2013, Georgia,Clarke County,13059,0.120085843,6155,51255
perc_vacant_housing_1y,2013, Georgia,Clayton County,13063,0.143955156,15021,104345
perc_vacant_housing_1y,2013, Georgia,Cobb County,13067,0.0779709,22627,290198
perc_vacant_housing_1y,2013, Georgia,Columbia County,13073,0.186525911,9718,52100
perc_vacant_housing_1y,2013, Georgia,Coweta County,13077,0.058117881,2965,51017
perc_vacant_housing_1y,2013, Georgia,DeKalb County,13089,0.116650455,35617,305331
perc_vacant_housing_1y,2013, Georgia,Dougherty County,13095,0.153510824,6233,40603
perc_vacant_housing_1y,2013, Georgia,Douglas County,13097,0.080898181,4172,51571
perc_vacant_housing_1y,2013, Georgia,Fayette County,13113,0.066223875,2712,40952
perc_vacant_housing_1y,2013, Georgia,Floyd County,13115,0.177230567,7147,40326
perc_vacant_housing_1y,2013, Georgia,Forsyth County,13117,0.054813188,3741,68250
perc_vacant_housing_1y,2013, Georgia,Fulton County,13121,0.133897841,59061,441090
perc_vacant_housing_1y,2013, Georgia,Glynn County,13127,0.209437028,8642,41263
perc_vacant_housing_1y,2013, Georgia,Gwinnett County,13135,0.08063478,23800,295158
perc_vacant_housing_1y,2013, Georgia,Hall County,13139,0.105631962,7266,68786
perc_vacant_housing_1y,2013, Georgia,Henry County,13151,0.073978096,5681,76793
perc_vacant_housing_1y,2013, Georgia,Houston County,13153,0.108126216,6456,59708
perc_vacant_housing_1y,2013, Georgia,Liberty County,13179,0.133335814,3593,26947
perc_vacant_housing_1y,2013, Georgia,Lowndes County,13185,0.096822694,4379,45227
perc_vacant_housing_1y,2013, Georgia,Muscogee County,13215,0.134026557,11162,83282
perc_vacant_housing_1y,2013, Georgia,Newton County,13217,0.12352787,4720,38210
perc_vacant_housing_1y,2013, Georgia,Paulding County,13223,,,52477
perc_vacant_housing_1y,2013, Georgia,Richmond County,13245,0.178180635,15421,86547
perc_vacant_housing_1y,2013, Georgia,Rockdale County,13247,0.122014396,4051,33201
perc_vacant_housing_1y,2013, Georgia,Troup County,13285,0.124083959,3488,28110
perc_vacant_housing_1y,2013, Georgia,Walker County,13295,0.15751639,4711,29908
perc_vacant_housing_1y,2013, Georgia,Walton County,13297,0.105921321,3422,32307
perc_vacant_housing_1y,2013, Georgia,Whitfield County,13313,0.142625853,5638,39530
perc_vacant_housing_1y,2013, Hawaii,Hawaii County,15001,0.222432718,18786,84457
perc_vacant_housing_1y,2013, Hawaii,Honolulu County,15003,0.082475558,28076,340416
perc_vacant_housing_1y,2013, Hawaii,Kauai County,15007,0.22079815,6667,30195
perc_vacant_housing_1y,2013, Hawaii,Maui County,15009,0.155677676,11076,71147
perc_vacant_housing_1y,2013, Idaho,Ada County,16001,0.051133104,8380,163886
perc_vacant_housing_1y,2013, Idaho,Bannock County,16005,0.080836698,2682,33178
perc_vacant_housing_1y,2013, Idaho,Bonneville County,16019,0.082432732,3318,40251
perc_vacant_housing_1y,2013, Idaho,Canyon County,16027,0.061273601,4303,70226
perc_vacant_housing_1y,2013, Idaho,Kootenai County,16055,0.134333655,8702,64779
perc_vacant_housing_1y,2013, Idaho,Twin Falls County,16083,,,31392
perc_vacant_housing_1y,2013, Illinois,Adams County,17001,0.085676976,2559,29868
perc_vacant_housing_1y,2013, Illinois,Champaign County,17019,0.11154528,9877,88547
perc_vacant_housing_1y,2013, Illinois,Cook County,17031,0.103534199,224698,2170278
perc_vacant_housing_1y,2013, Illinois,DeKalb County,17037,0.082695737,3383,40909
perc_vacant_housing_1y,2013, Illinois,DuPage County,17043,0.047320019,16857,356234
perc_vacant_housing_1y,2013, Illinois,Kane County,17089,0.059130728,10813,182866
perc_vacant_housing_1y,2013, Illinois,Kankakee County,17091,0.067752905,3048,44987
perc_vacant_housing_1y,2013, Illinois,Kendall County,17093,,,40843
perc_vacant_housing_1y,2013, Illinois,LaSalle County,17099,0.121876255,6067,49780
perc_vacant_housing_1y,2013, Illinois,Lake County,17097,0.057712682,15036,260532
perc_vacant_housing_1y,2013, Illinois,Macon County,17115,0.10513851,5283,50248
perc_vacant_housing_1y,2013, Illinois,Madison County,17119,0.084527999,9941,117606
perc_vacant_housing_1y,2013, Illinois,McHenry County,17111,0.059679367,6965,116707
perc_vacant_housing_1y,2013, Illinois,McLean County,17113,0.071655847,5067,70713
perc_vacant_housing_1y,2013, Illinois,Peoria County,17143,0.089249492,7436,83317
perc_vacant_housing_1y,2013, Illinois,Rock Island County,17161,0.088206597,5786,65596
perc_vacant_housing_1y,2013, Illinois,Sangamon County,17167,0.080342487,7244,90164
perc_vacant_housing_1y,2013, Illinois,St. Clair County,17163,0.113613173,13360,117592
perc_vacant_housing_1y,2013, Illinois,Tazewell County,17179,0.062325791,3600,57761
perc_vacant_housing_1y,2013, Illinois,Vermilion County,17183,0.123518609,4440,35946
perc_vacant_housing_1y,2013, Illinois,Will County,17197,0.062773377,14983,238684
perc_vacant_housing_1y,2013, Illinois,Williamson County,17199,0.126523942,3871,30595
perc_vacant_housing_1y,2013, Illinois,Winnebago County,17201,0.096418582,12096,125453
perc_vacant_housing_1y,2013, Indiana,Allen County,18003,0.071681179,11006,153541
perc_vacant_housing_1y,2013, Indiana,Bartholomew County,18005,0.085041165,2830,33278
perc_vacant_housing_1y,2013, Indiana,Clark County,18019,0.128354505,6213,48405
perc_vacant_housing_1y,2013, Indiana,Delaware County,18035,0.109008007,5690,52198
perc_vacant_housing_1y,2013, Indiana,Elkhart County,18039,0.080683433,6257,77550
perc_vacant_housing_1y,2013, Indiana,Floyd County,18043,0.116152339,3730,32113
perc_vacant_housing_1y,2013, Indiana,Grant County,18053,0.102749929,3105,30219
perc_vacant_housing_1y,2013, Indiana,Hamilton County,18057,0.039071649,4404,112716
perc_vacant_housing_1y,2013, Indiana,Hancock County,18059,,,28551
perc_vacant_housing_1y,2013, Indiana,Hendricks County,18063,,,57283
perc_vacant_housing_1y,2013, Indiana,Howard County,18067,0.096260712,3707,38510
perc_vacant_housing_1y,2013, Indiana,Johnson County,18081,0.085296705,4949,58021
perc_vacant_housing_1y,2013, Indiana,Kosciusko County,18085,0.223833695,8334,37233
perc_vacant_housing_1y,2013, Indiana,LaPorte County,18091,0.111931399,5443,48628
perc_vacant_housing_1y,2013, Indiana,Lake County,18089,0.106260717,22246,209353
perc_vacant_housing_1y,2013, Indiana,Madison County,18095,0.114648163,6724,58649
perc_vacant_housing_1y,2013, Indiana,Marion County,18097,0.129845709,54272,417973
perc_vacant_housing_1y,2013, Indiana,Monroe County,18105,0.097628564,5813,59542
perc_vacant_housing_1y,2013, Indiana,Morgan County,18109,0.066381231,1845,27794
perc_vacant_housing_1y,2013, Indiana,Porter County,18127,0.060029458,3994,66534
perc_vacant_housing_1y,2013, Indiana,St. Joseph County,18141,0.09751077,11227,115136
perc_vacant_housing_1y,2013, Indiana,Tippecanoe County,18157,0.054439057,3963,72797
perc_vacant_housing_1y,2013, Indiana,Vanderburgh County,18163,0.121533923,10094,83055
perc_vacant_housing_1y,2013, Indiana,Vigo County,18167,0.143020913,6612,46231
perc_vacant_housing_1y,2013, Indiana,Wayne County,18177,0.114521004,3560,31086
perc_vacant_housing_1y,2013, Iowa,Black Hawk County,19013,0.07225889,4084,56519
perc_vacant_housing_1y,2013, Iowa,Dallas County,19049,,,28960
perc_vacant_housing_1y,2013, Iowa,Dubuque County,19061,0.076748021,3069,39988
perc_vacant_housing_1y,2013, Iowa,Johnson County,19103,0.029191008,1684,57689
perc_vacant_housing_1y,2013, Iowa,Linn County,19113,0.069741137,6536,93718
perc_vacant_housing_1y,2013, Iowa,Polk County,19153,0.052394178,9885,188666
perc_vacant_housing_1y,2013, Iowa,Pottawattamie County,19155,0.077572651,3059,39434
perc_vacant_housing_1y,2013, Iowa,Scott County,19163,0.071697854,5211,72680
perc_vacant_housing_1y,2013, Iowa,Story County,19169,,,37530
perc_vacant_housing_1y,2013, Iowa,Woodbury County,19193,0.058726739,2427,41327
perc_vacant_housing_1y,2013, Kansas,Butler County,20015,,,26223
perc_vacant_housing_1y,2013, Kansas,Douglas County,20045,0.106687367,5086,47672
perc_vacant_housing_1y,2013, Kansas,Johnson County,20091,0.036486,8387,229869
perc_vacant_housing_1y,2013, Kansas,Leavenworth County,20103,,,28877
perc_vacant_housing_1y,2013, Kansas,Riley County,20161,0.090396442,2661,29437
perc_vacant_housing_1y,2013, Kansas,Sedgwick County,20173,0.092741162,19756,213023
perc_vacant_housing_1y,2013, Kansas,Shawnee County,20177,0.102073528,8088,79237
perc_vacant_housing_1y,2013, Kansas,Wyandotte County,20209,0.142626256,9531,66825
perc_vacant_housing_1y,2013, Kentucky,Boone County,21015,,,47406
perc_vacant_housing_1y,2013, Kentucky,Bullitt County,21029,,,30130
perc_vacant_housing_1y,2013, Kentucky,Campbell County,21037,0.112671793,4468,39655
perc_vacant_housing_1y,2013, Kentucky,Christian County,21047,0.172632709,5112,29612
perc_vacant_housing_1y,2013, Kentucky,Daviess County,21059,0.087370552,3670,42005
perc_vacant_housing_1y,2013, Kentucky,Fayette County,21067,0.08830525,12178,137908
perc_vacant_housing_1y,2013, Kentucky,Hardin County,21093,0.082882203,3751,45257
perc_vacant_housing_1y,2013, Kentucky,Jefferson County,21111,0.085335977,28944,339177
perc_vacant_housing_1y,2013, Kentucky,Kenton County,21117,0.10281615,7123,69279
perc_vacant_housing_1y,2013, Kentucky,Madison County,21151,0.088342108,3138,35521
perc_vacant_housing_1y,2013, Kentucky,McCracken County,21145,0.170088723,5310,31219
perc_vacant_housing_1y,2013, Kentucky,Pike County,21195,0.143313274,4309,30067
perc_vacant_housing_1y,2013, Kentucky,Warren County,21227,,,49178
perc_vacant_housing_1y,2013, Louisiana,Ascension Parish,22005,0.048379216,2079,42973
perc_vacant_housing_1y,2013, Louisiana,Bossier Parish,22015,0.103201017,5426,52577
perc_vacant_housing_1y,2013, Louisiana,Caddo Parish,22017,0.120192863,13486,112203
perc_vacant_housing_1y,2013, Louisiana,Calcasieu Parish,22019,0.088550687,7465,84302
perc_vacant_housing_1y,2013, Louisiana,East Baton Rouge Parish,22033,0.103819147,19711,189859
perc_vacant_housing_1y,2013, Louisiana,Iberia Parish,22045,,,29828
perc_vacant_housing_1y,2013, Louisiana,Jefferson Parish,22051,0.103443891,19524,188740
perc_vacant_housing_1y,2013, Louisiana,Lafayette Parish,22055,0.073935762,7088,95867
perc_vacant_housing_1y,2013, Louisiana,Lafourche Parish,22057,0.09163326,3589,39167
perc_vacant_housing_1y,2013, Louisiana,Livingston Parish,22063,0.099387132,5238,52703
perc_vacant_housing_1y,2013, Louisiana,Orleans Parish,22071,0.16966565,32502,191565
perc_vacant_housing_1y,2013, Louisiana,Ouachita Parish,22073,0.136573225,8945,65496
perc_vacant_housing_1y,2013, Louisiana,Rapides Parish,22079,0.14789018,8366,56569
perc_vacant_housing_1y,2013, Louisiana,St. Landry Parish,22097,0.115060776,4127,35868
perc_vacant_housing_1y,2013, Louisiana,St. Tammany Parish,22103,0.08782056,8551,97369
perc_vacant_housing_1y,2013, Louisiana,Tangipahoa Parish,22105,0.106883988,5515,51598
perc_vacant_housing_1y,2013, Louisiana,Terrebonne Parish,22109,0.113741823,5025,44179
perc_vacant_housing_1y,2013, Maine,Androscoggin County,23001,0.105187908,5150,48960
perc_vacant_housing_1y,2013, Maine,Aroostook County,23003,0.230900303,9079,39320
perc_vacant_housing_1y,2013, Maine,Cumberland County,23005,0.146544605,20393,139159
perc_vacant_housing_1y,2013, Maine,Kennebec County,23011,0.166497529,10172,61094
perc_vacant_housing_1y,2013, Maine,Penobscot County,23019,0.1558301,11516,73901
perc_vacant_housing_1y,2013, Maine,York County,23031,0.195802227,20850,106485
perc_vacant_housing_1y,2013, Maryland,Allegany County,24001,0.19789499,6562,33159
perc_vacant_housing_1y,2013, Maryland,Anne Arundel County,24003,0.063658312,13815,217018
perc_vacant_housing_1y,2013, Maryland,Baltimore County,24005,0.06405554,21516,335896
perc_vacant_housing_1y,2013, Maryland,Baltimore city,24510,0.171530187,50734,295773
perc_vacant_housing_1y,2013, Maryland,Calvert County,24009,0.10598743,3643,34372
perc_vacant_housing_1y,2013, Maryland,Carroll County,24013,,,62736
perc_vacant_housing_1y,2013, Maryland,Cecil County,24015,0.121470466,5115,42109
perc_vacant_housing_1y,2013, Maryland,Charles County,24017,0.068587735,3894,56774
perc_vacant_housing_1y,2013, Maryland,Frederick County,24021,0.036246087,3347,92341
perc_vacant_housing_1y,2013, Maryland,Harford County,24025,0.055335887,5388,97369
perc_vacant_housing_1y,2013, Maryland,Howard County,24027,0.040797375,4613,113071
perc_vacant_housing_1y,2013, Maryland,Montgomery County,24031,0.041846521,15996,382254
perc_vacant_housing_1y,2013, Maryland,Prince George's County,24033,0.065713927,21644,329367
perc_vacant_housing_1y,2013, Maryland,St. Mary's County,24037,0.1464867,6273,42823
perc_vacant_housing_1y,2013, Maryland,Washington County,24043,0.068582326,4172,60832
perc_vacant_housing_1y,2013, Maryland,Wicomico County,24045,0.105321638,4360,41397
perc_vacant_housing_1y,2013, Massachusetts,Barnstable County,25001,0.382481754,61570,160975
perc_vacant_housing_1y,2013, Massachusetts,Berkshire County,25003,0.179228693,12232,68248
perc_vacant_housing_1y,2013, Massachusetts,Bristol County,25005,0.07488101,17243,230272
perc_vacant_housing_1y,2013, Massachusetts,Essex County,25009,0.061400738,18841,306853
perc_vacant_housing_1y,2013, Massachusetts,Franklin County,25011,0.072528519,2435,33573
perc_vacant_housing_1y,2013, Massachusetts,Hampden County,25013,0.079701252,15260,191465
perc_vacant_housing_1y,2013, Massachusetts,Hampshire County,25015,0.054154966,3394,62672
perc_vacant_housing_1y,2013, Massachusetts,Middlesex County,25017,0.045322735,27852,614526
perc_vacant_housing_1y,2013, Massachusetts,Norfolk County,25021,0.040242884,10942,271899
perc_vacant_housing_1y,2013, Massachusetts,Plymouth County,25023,0.110187992,22162,201129
perc_vacant_housing_1y,2013, Massachusetts,Suffolk County,25025,0.075813398,23912,315406
perc_vacant_housing_1y,2013, Massachusetts,Worcester County,25027,0.078525849,25718,327510
perc_vacant_housing_1y,2013, Michigan,Allegan County,26005,0.164128944,8106,49388
perc_vacant_housing_1y,2013, Michigan,Bay County,26017,0.058803882,2817,47905
perc_vacant_housing_1y,2013, Michigan,Berrien County,26021,0.222471908,17028,76540
perc_vacant_housing_1y,2013, Michigan,Calhoun County,26025,0.123460256,7477,60562
perc_vacant_housing_1y,2013, Michigan,Clinton County,26037,0.072679825,2228,30655
perc_vacant_housing_1y,2013, Michigan,Eaton County,26045,0.055478591,2603,46919
perc_vacant_housing_1y,2013, Michigan,Genesee County,26049,0.138825461,26445,190491
perc_vacant_housing_1y,2013, Michigan,Grand Traverse County,26055,0.172596589,7228,41878
perc_vacant_housing_1y,2013, Michigan,Ingham County,26065,0.08734341,10591,121257
perc_vacant_housing_1y,2013, Michigan,Isabella County,26073,0.101964124,2876,28206
perc_vacant_housing_1y,2013, Michigan,Jackson County,26075,0.108143821,7447,68862
perc_vacant_housing_1y,2013, Michigan,Kalamazoo County,26077,0.079382129,8721,109861
perc_vacant_housing_1y,2013, Michigan,Kent County,26081,0.066805214,16523,247331
perc_vacant_housing_1y,2013, Michigan,Lapeer County,26087,0.0821895,2964,36063
perc_vacant_housing_1y,2013, Michigan,Lenawee County,26091,0.138494939,5996,43294
perc_vacant_housing_1y,2013, Michigan,Livingston County,26093,0.06657324,4893,73498
perc_vacant_housing_1y,2013, Michigan,Macomb County,26099,0.063349634,22783,359639
perc_vacant_housing_1y,2013, Michigan,Marquette County,26103,0.244290575,8397,34373
perc_vacant_housing_1y,2013, Michigan,Midland County,26111,0.056364998,2031,36033
perc_vacant_housing_1y,2013, Michigan,Monroe County,26115,0.073934577,4672,63191
perc_vacant_housing_1y,2013, Michigan,Muskegon County,26121,0.102012321,7452,73050
perc_vacant_housing_1y,2013, Michigan,Oakland County,26125,0.06781511,35973,530457
perc_vacant_housing_1y,2013, Michigan,Ottawa County,26139,0.073408246,7591,103408
perc_vacant_housing_1y,2013, Michigan,Saginaw County,26145,0.100172192,8668,86531
perc_vacant_housing_1y,2013, Michigan,Shiawassee County,26155,0.05966619,1791,30017
perc_vacant_housing_1y,2013, Michigan,St. Clair County,26147,0.104930788,7527,71733
perc_vacant_housing_1y,2013, Michigan,Van Buren County,26159,0.189075977,6906,36525
perc_vacant_housing_1y,2013, Michigan,Washtenaw County,26161,0.069059826,10252,148451
perc_vacant_housing_1y,2013, Michigan,Wayne County,26163,0.184124708,150345,816539
perc_vacant_housing_1y,2013, Minnesota,Anoka County,27003,0.035409499,4560,128779
perc_vacant_housing_1y,2013, Minnesota,Blue Earth County,27013,0.074629098,1997,26759
perc_vacant_housing_1y,2013, Minnesota,Carver County,27019,,,35739
perc_vacant_housing_1y,2013, Minnesota,Dakota County,27037,0.027598606,4467,161856
perc_vacant_housing_1y,2013, Minnesota,Hennepin County,27053,0.050855938,26324,517619
perc_vacant_housing_1y,2013, Minnesota,Olmsted County,27109,0.048114456,2946,61229
perc_vacant_housing_1y,2013, Minnesota,Ramsey County,27123,0.050763004,11064,217954
perc_vacant_housing_1y,2013, Minnesota,Rice County,27131,0.08238811,2012,24421
perc_vacant_housing_1y,2013, Minnesota,Scott County,27139,,,48642
perc_vacant_housing_1y,2013, Minnesota,Sherburne County,27141,,,32629
perc_vacant_housing_1y,2013, Minnesota,St. Louis County,27137,0.171446353,17636,102866
perc_vacant_housing_1y,2013, Minnesota,Stearns County,27145,0.075086474,4689,62448
perc_vacant_housing_1y,2013, Minnesota,Washington County,27163,0.039990723,3794,94872
perc_vacant_housing_1y,2013, Minnesota,Wright County,27171,0.081319436,4011,49324
perc_vacant_housing_1y,2013, Mississippi,DeSoto County,28033,0.062166709,3917,63008
perc_vacant_housing_1y,2013, Mississippi,Forrest County,28035,,,32354
perc_vacant_housing_1y,2013, Mississippi,Harrison County,28047,0.142161518,12583,88512
perc_vacant_housing_1y,2013, Mississippi,Hinds County,28049,0.138568446,14378,103761
perc_vacant_housing_1y,2013, Mississippi,Jackson County,28059,0.157320589,9547,60685
perc_vacant_housing_1y,2013, Mississippi,Jones County,28067,0.133157149,3779,28380
perc_vacant_housing_1y,2013, Mississippi,Lauderdale County,28075,0.100495279,3490,34728
perc_vacant_housing_1y,2013, Mississippi,Lee County,28081,0.096008658,3459,36028
perc_vacant_housing_1y,2013, Mississippi,Madison County,28089,0.081202969,3259,40134
perc_vacant_housing_1y,2013, Mississippi,Rankin County,28121,,,57441
perc_vacant_housing_1y,2013, Missouri,Boone County,29019,0.051894404,3731,71896
perc_vacant_housing_1y,2013, Missouri,Buchanan County,29021,0.152258441,5835,38323
perc_vacant_housing_1y,2013, Missouri,Cape Girardeau County,29031,0.091167048,2988,32775
perc_vacant_housing_1y,2013, Missouri,Cass County,29037,0.06970156,2805,40243
perc_vacant_housing_1y,2013, Missouri,Christian County,29043,0.071135812,2291,32206
perc_vacant_housing_1y,2013, Missouri,Clay County,29047,0.061495509,5793,94202
perc_vacant_housing_1y,2013, Missouri,Cole County,29051,0.118820094,3867,32545
perc_vacant_housing_1y,2013, Missouri,Franklin County,29071,0.086839624,3779,43517
perc_vacant_housing_1y,2013, Missouri,Greene County,29077,0.073447391,9376,127656
perc_vacant_housing_1y,2013, Missouri,Jackson County,29095,0.121455289,37990,312790
perc_vacant_housing_1y,2013, Missouri,Jasper County,29097,0.103675112,5264,50774
perc_vacant_housing_1y,2013, Missouri,Jefferson County,29099,0.067968324,5991,88144
perc_vacant_housing_1y,2013, Missouri,Platte County,29165,,,39751
perc_vacant_housing_1y,2013, Missouri,St. Charles County,29183,0.042770095,6205,145078
perc_vacant_housing_1y,2013, Missouri,St. Francois County,29187,0.14820528,4323,29169
perc_vacant_housing_1y,2013, Missouri,St. Louis County,29189,0.08033897,35134,437322
perc_vacant_housing_1y,2013, Missouri,St. Louis city,29510,0.192064136,33636,175129
perc_vacant_housing_1y,2013, Montana,Cascade County,30013,0.073571526,2749,37365
perc_vacant_housing_1y,2013, Montana,Flathead County,30029,0.214668483,10095,47026
perc_vacant_housing_1y,2013, Montana,Gallatin County,30031,0.127193689,5530,43477
perc_vacant_housing_1y,2013, Montana,Lewis and Clark County,30049,0.122948393,3738,30403
perc_vacant_housing_1y,2013, Montana,Missoula County,30063,0.090846404,4611,50756
perc_vacant_housing_1y,2013, Montana,Yellowstone County,30111,0.050288197,3263,64886
perc_vacant_housing_1y,2013, Nebraska,Douglas County,31055,0.063929118,14337,224264
perc_vacant_housing_1y,2013, Nebraska,Lancaster County,31109,0.048140578,5934,123264
perc_vacant_housing_1y,2013, Nebraska,Sarpy County,31153,0.058958426,3805,64537
perc_vacant_housing_1y,2013, Nevada,Clark County,32003,0.154221609,131725,854128
perc_vacant_housing_1y,2013, Nevada,Washoe County,32031,0.098839313,18317,185321
perc_vacant_housing_1y,2013, New Hampshire,Cheshire County,33005,0.108733892,3771,34681
perc_vacant_housing_1y,2013, New Hampshire,Grafton County,33009,0.303133994,15592,51436
perc_vacant_housing_1y,2013, New Hampshire,Hillsborough County,33011,0.061498065,10258,166802
perc_vacant_housing_1y,2013, New Hampshire,Merrimack County,33013,0.126662031,8021,63326
perc_vacant_housing_1y,2013, New Hampshire,Rockingham County,33015,0.065576859,8356,127423
perc_vacant_housing_1y,2013, New Hampshire,Strafford County,33017,0.082432926,4280,51921
perc_vacant_housing_1y,2013, New Jersey,Atlantic County,34001,0.185469165,23608,127288
perc_vacant_housing_1y,2013, New Jersey,Bergen County,34003,0.046510972,16516,355099
perc_vacant_housing_1y,2013, New Jersey,Burlington County,34005,0.081679001,14458,177010
perc_vacant_housing_1y,2013, New Jersey,Camden County,34007,0.095568083,19666,205780
perc_vacant_housing_1y,2013, New Jersey,Cape May County,34009,0.562778652,55535,98680
perc_vacant_housing_1y,2013, New Jersey,Cumberland County,34011,0.108352907,6089,56196
perc_vacant_housing_1y,2013, New Jersey,Essex County,34013,0.113583632,35638,313760
perc_vacant_housing_1y,2013, New Jersey,Gloucester County,34015,0.064816311,7223,111438
perc_vacant_housing_1y,2013, New Jersey,Hudson County,34017,0.09276244,25467,274540
perc_vacant_housing_1y,2013, New Jersey,Hunterdon County,34019,0.076845624,3816,49658
perc_vacant_housing_1y,2013, New Jersey,Mercer County,34021,0.08598192,12401,144228
perc_vacant_housing_1y,2013, New Jersey,Middlesex County,34023,0.047455966,14148,298129
perc_vacant_housing_1y,2013, New Jersey,Monmouth County,34025,0.09423729,24482,259791
perc_vacant_housing_1y,2013, New Jersey,Morris County,34027,0.060067095,11459,190770
perc_vacant_housing_1y,2013, New Jersey,Ocean County,34029,0.206311777,57568,279034
perc_vacant_housing_1y,2013, New Jersey,Passaic County,34031,0.079644211,14031,176171
perc_vacant_housing_1y,2013, New Jersey,Salem County,34033,0.113192476,3118,27546
perc_vacant_housing_1y,2013, New Jersey,Somerset County,34035,0.093249746,11662,125062
perc_vacant_housing_1y,2013, New Jersey,Sussex County,34037,0.106548674,6622,62150
perc_vacant_housing_1y,2013, New Jersey,Union County,34039,0.065164439,13083,200769
perc_vacant_housing_1y,2013, New Jersey,Warren County,34041,,,45161
perc_vacant_housing_1y,2013, New Mexico,Bernalillo County,35001,0.093145907,26651,286121
perc_vacant_housing_1y,2013, New Mexico,Chaves County,35005,0.09141545,2429,26571
perc_vacant_housing_1y,2013, New Mexico,Do√±a Ana County,35013,0.097351201,8093,83132
perc_vacant_housing_1y,2013, New Mexico,Lea County,35025,0.087195762,2171,24898
perc_vacant_housing_1y,2013, New Mexico,McKinley County,35031,0.295640647,7582,25646
perc_vacant_housing_1y,2013, New Mexico,Otero County,35035,0.230349302,7089,30775
perc_vacant_housing_1y,2013, New Mexico,San Juan County,35045,0.230317801,11342,49245
perc_vacant_housing_1y,2013, New Mexico,Sandoval County,35043,0.107020661,5724,53485
perc_vacant_housing_1y,2013, New Mexico,Santa Fe County,35049,0.138921201,9913,71357
perc_vacant_housing_1y,2013, New Mexico,Valencia County,35061,0.15559189,4662,29963
perc_vacant_housing_1y,2013, New York,Albany County,36001,0.101571247,13976,137598
perc_vacant_housing_1y,2013, New York,Bronx County,36005,0.06615822,34169,516474
perc_vacant_housing_1y,2013, New York,Broome County,36007,0.14223282,12758,89698
perc_vacant_housing_1y,2013, New York,Cattaraugus County,36009,0.195494995,7976,40799
perc_vacant_housing_1y,2013, New York,Cayuga County,36011,0.148690775,5389,36243
perc_vacant_housing_1y,2013, New York,Chautauqua County,36013,0.163829401,10894,66496
perc_vacant_housing_1y,2013, New York,Chemung County,36015,0.061284758,2345,38264
perc_vacant_housing_1y,2013, New York,Clinton County,36019,0.104657993,3741,35745
perc_vacant_housing_1y,2013, New York,Dutchess County,36027,0.086297281,10239,118648
perc_vacant_housing_1y,2013, New York,Erie County,36029,0.087184735,36559,419328
perc_vacant_housing_1y,2013, New York,Jefferson County,36045,0.253405094,14735,58148
perc_vacant_housing_1y,2013, New York,Kings County,36047,0.076864585,77332,1006081
perc_vacant_housing_1y,2013, New York,Livingston County,36051,0.107982263,2922,27060
perc_vacant_housing_1y,2013, New York,Madison County,36053,0.159958258,5059,31627
perc_vacant_housing_1y,2013, New York,Monroe County,36055,0.068161145,21877,320960
perc_vacant_housing_1y,2013, New York,Nassau County,36059,0.056636967,26399,466109
perc_vacant_housing_1y,2013, New York,New York County,36061,0.096793264,82530,852642
perc_vacant_housing_1y,2013, New York,Niagara County,36063,0.107646719,10644,98879
perc_vacant_housing_1y,2013, New York,Oneida County,36065,0.129192978,13380,103566
perc_vacant_housing_1y,2013, New York,Onondaga County,36067,0.093365535,19018,203694
perc_vacant_housing_1y,2013, New York,Ontario County,36069,0.095406361,4644,48676
perc_vacant_housing_1y,2013, New York,Orange County,36071,0.103268504,14341,138871
perc_vacant_housing_1y,2013, New York,Oswego County,36075,0.145027593,7751,53445
perc_vacant_housing_1y,2013, New York,Putnam County,36079,0.151066333,5773,38215
perc_vacant_housing_1y,2013, New York,Queens County,36081,0.064692706,54423,841254
perc_vacant_housing_1y,2013, New York,Rensselaer County,36083,0.101528309,7261,71517
perc_vacant_housing_1y,2013, New York,Richmond County,36085,0.056219283,10009,178035
perc_vacant_housing_1y,2013, New York,Rockland County,36087,0.050505437,5261,104167
perc_vacant_housing_1y,2013, New York,Saratoga County,36091,0.096471101,9713,100683
perc_vacant_housing_1y,2013, New York,Schenectady County,36093,0.154514328,10513,68039
perc_vacant_housing_1y,2013, New York,St. Lawrence County,36089,0.18880339,9814,51980
perc_vacant_housing_1y,2013, New York,Steuben County,36101,0.141364709,6874,48626
perc_vacant_housing_1y,2013, New York,Suffolk County,36103,0.116342053,66197,568986
perc_vacant_housing_1y,2013, New York,Sullivan County,36105,0.414711297,20449,49309
perc_vacant_housing_1y,2013, New York,Tompkins County,36109,0.090789475,3795,41800
perc_vacant_housing_1y,2013, New York,Ulster County,36111,0.165830106,13843,83477
perc_vacant_housing_1y,2013, New York,Warren County,36113,0.277913779,10785,38807
perc_vacant_housing_1y,2013, New York,Wayne County,36117,0.130383715,5328,40864
perc_vacant_housing_1y,2013, New York,Westchester County,36119,0.068534516,25305,369230
perc_vacant_housing_1y,2013, North Carolina,Alamance County,37001,0.116058461,7830,67466
perc_vacant_housing_1y,2013, North Carolina,Brunswick County,37019,0.332783252,26417,79382
perc_vacant_housing_1y,2013, North Carolina,Buncombe County,37021,0.116682813,13368,114567
perc_vacant_housing_1y,2013, North Carolina,Burke County,37023,0.132375136,5351,40423
perc_vacant_housing_1y,2013, North Carolina,Cabarrus County,37025,0.109609954,8113,74017
perc_vacant_housing_1y,2013, North Carolina,Caldwell County,37027,0.205248818,7680,37418
perc_vacant_housing_1y,2013, North Carolina,Carteret County,37031,0.319225699,15485,48508
perc_vacant_housing_1y,2013, North Carolina,Catawba County,37035,0.123775363,8351,67469
perc_vacant_housing_1y,2013, North Carolina,Chatham County,37037,,,29406
perc_vacant_housing_1y,2013, North Carolina,Cleveland County,37045,0.099635452,4291,43067
perc_vacant_housing_1y,2013, North Carolina,Craven County,37049,0.130146459,5927,45541
perc_vacant_housing_1y,2013, North Carolina,Cumberland County,37051,0.114006124,16229,142352
perc_vacant_housing_1y,2013, North Carolina,Davidson County,37057,0.12234167,8865,72461
perc_vacant_housing_1y,2013, North Carolina,Durham County,37063,0.078215376,9777,125001
perc_vacant_housing_1y,2013, North Carolina,Forsyth County,37067,0.100188397,15954,159240
perc_vacant_housing_1y,2013, North Carolina,Gaston County,37071,0.102345988,9144,89344
perc_vacant_housing_1y,2013, North Carolina,Guilford County,37081,0.095560998,21153,221356
perc_vacant_housing_1y,2013, North Carolina,Harnett County,37085,0.119375519,5773,48360
perc_vacant_housing_1y,2013, North Carolina,Henderson County,37089,0.128313914,7047,54920
perc_vacant_housing_1y,2013, North Carolina,Iredell County,37097,0.160805181,11152,69351
perc_vacant_housing_1y,2013, North Carolina,Johnston County,37101,0.106494337,7325,68783
perc_vacant_housing_1y,2013, North Carolina,Lincoln County,37109,0.100223377,3365,33575
perc_vacant_housing_1y,2013, North Carolina,Mecklenburg County,37119,0.078913718,32403,410613
perc_vacant_housing_1y,2013, North Carolina,Moore County,37125,0.165041581,7363,44613
perc_vacant_housing_1y,2013, North Carolina,Nash County,37127,0.100756623,4248,42161
perc_vacant_housing_1y,2013, North Carolina,New Hanover County,37129,0.136975199,14192,103610
perc_vacant_housing_1y,2013, North Carolina,Onslow County,37133,0.176565677,13107,74233
perc_vacant_housing_1y,2013, North Carolina,Orange County,37135,0.064691514,3629,56097
perc_vacant_housing_1y,2013, North Carolina,Pitt County,37147,0.106500931,8088,75943
perc_vacant_housing_1y,2013, North Carolina,Randolph County,37151,0.136852294,8338,60927
perc_vacant_housing_1y,2013, North Carolina,Robeson County,37155,0.120319419,6253,51970
perc_vacant_housing_1y,2013, North Carolina,Rockingham County,37157,0.141055793,6119,43380
perc_vacant_housing_1y,2013, North Carolina,Rowan County,37159,0.157975748,9443,59775
perc_vacant_housing_1y,2013, North Carolina,Rutherford County,37161,0.219042525,7371,33651
perc_vacant_housing_1y,2013, North Carolina,Surry County,37171,0.091070034,3035,33326
perc_vacant_housing_1y,2013, North Carolina,Union County,37179,0.064871594,4845,74686
perc_vacant_housing_1y,2013, North Carolina,Wake County,37183,0.068543851,26872,392041
perc_vacant_housing_1y,2013, North Carolina,Wayne County,37191,0.110730119,5845,52786
perc_vacant_housing_1y,2013, North Carolina,Wilkes County,37193,0.148102969,4856,32788
perc_vacant_housing_1y,2013, North Carolina,Wilson County,37195,0.108605057,3857,35514
perc_vacant_housing_1y,2013, North Dakota,Burleigh County,38015,0.040666252,1565,38484
perc_vacant_housing_1y,2013, North Dakota,Cass County,38017,0.043929216,3185,72503
perc_vacant_housing_1y,2013, North Dakota,Grand Forks County,38035,0.065373942,1979,30272
perc_vacant_housing_1y,2013, North Dakota,Ward County,38101,0.081253514,2458,30251
perc_vacant_housing_1y,2013, Ohio,Allen County,39003,0.096950062,4339,44755
perc_vacant_housing_1y,2013, Ohio,Ashtabula County,39007,0.135625452,6205,45751
perc_vacant_housing_1y,2013, Ohio,Belmont County,39013,0.122040868,3918,32104
perc_vacant_housing_1y,2013, Ohio,Butler County,39017,0.095244825,14151,148575
perc_vacant_housing_1y,2013, Ohio,Clark County,39023,0.108680703,6638,61078
perc_vacant_housing_1y,2013, Ohio,Clermont County,39025,0.099638797,8110,81394
perc_vacant_housing_1y,2013, Ohio,Columbiana County,39029,0.133871794,6232,46552
perc_vacant_housing_1y,2013, Ohio,Cuyahoga County,39035,0.129890129,80213,617545
perc_vacant_housing_1y,2013, Ohio,Delaware County,39041,0.036370017,2488,68408
perc_vacant_housing_1y,2013, Ohio,Erie County,39043,0.103606001,3896,37604
perc_vacant_housing_1y,2013, Ohio,Fairfield County,39045,0.072848797,4316,59246
perc_vacant_housing_1y,2013, Ohio,Franklin County,39049,0.107467405,57510,535139
perc_vacant_housing_1y,2013, Ohio,Geauga County,39055,,,36593
perc_vacant_housing_1y,2013, Ohio,Greene County,39057,0.091945849,6337,68921
perc_vacant_housing_1y,2013, Ohio,Hamilton County,39061,0.106887631,40189,375993
perc_vacant_housing_1y,2013, Ohio,Hancock County,39063,,,33132
perc_vacant_housing_1y,2013, Ohio,Jefferson County,39081,0.141146049,4584,32477
perc_vacant_housing_1y,2013, Ohio,Lake County,39085,0.084294207,8546,101383
perc_vacant_housing_1y,2013, Ohio,Licking County,39089,0.087230191,6070,69586
perc_vacant_housing_1y,2013, Ohio,Lorain County,39093,0.086662918,11088,127944
perc_vacant_housing_1y,2013, Ohio,Lucas County,39095,0.120358936,24264,201597
perc_vacant_housing_1y,2013, Ohio,Mahoning County,39099,0.115959629,12891,111168
perc_vacant_housing_1y,2013, Ohio,Marion County,39101,0.125816822,3485,27699
perc_vacant_housing_1y,2013, Ohio,Medina County,39103,0.057309657,4015,70058
perc_vacant_housing_1y,2013, Ohio,Miami County,39109,,,44161
perc_vacant_housing_1y,2013, Ohio,Montgomery County,39113,0.128071904,32514,253873
perc_vacant_housing_1y,2013, Ohio,Muskingum County,39119,0.090467595,3409,37682
perc_vacant_housing_1y,2013, Ohio,Portage County,39133,0.069219068,4688,67727
perc_vacant_housing_1y,2013, Ohio,Richland County,39139,0.115463421,6255,54173
perc_vacant_housing_1y,2013, Ohio,Ross County,39141,0.109477997,3471,31705
perc_vacant_housing_1y,2013, Ohio,Scioto County,39145,0.131530046,4459,33901
perc_vacant_housing_1y,2013, Ohio,Stark County,39151,0.0887288,14632,164907
perc_vacant_housing_1y,2013, Ohio,Summit County,39153,0.099613741,24371,244655
perc_vacant_housing_1y,2013, Ohio,Trumbull County,39155,0.099629723,9498,95333
perc_vacant_housing_1y,2013, Ohio,Tuscarawas County,39157,0.118985496,4743,39862
perc_vacant_housing_1y,2013, Ohio,Warren County,39165,0.062710628,5173,82490
perc_vacant_housing_1y,2013, Ohio,Wayne County,39169,,,45727
perc_vacant_housing_1y,2013, Ohio,Wood County,39173,0.074531034,3993,53575
perc_vacant_housing_1y,2013, Oklahoma,Canadian County,40017,0.100391246,4670,46518
perc_vacant_housing_1y,2013, Oklahoma,Cleveland County,40027,0.072067671,7813,108412
perc_vacant_housing_1y,2013, Oklahoma,Comanche County,40031,0.142570987,7331,51420
perc_vacant_housing_1y,2013, Oklahoma,Creek County,40037,0.143558368,4270,29744
perc_vacant_housing_1y,2013, Oklahoma,Muskogee County,40101,0.138584927,4268,30797
perc_vacant_housing_1y,2013, Oklahoma,Oklahoma County,40109,0.103726059,33748,325357
perc_vacant_housing_1y,2013, Oklahoma,Payne County,40119,0.124396347,4276,34374
perc_vacant_housing_1y,2013, Oklahoma,Pottawatomie County,40125,0.120029904,3532,29426
perc_vacant_housing_1y,2013, Oklahoma,Rogers County,40131,0.067768224,2428,35828
perc_vacant_housing_1y,2013, Oklahoma,Tulsa County,40143,0.108123481,29656,274279
perc_vacant_housing_1y,2013, Oklahoma,Wagoner County,40145,0.0870426,2638,30307
perc_vacant_housing_1y,2013, Oregon,Benton County,41003,0.085604906,3153,36832
perc_vacant_housing_1y,2013, Oregon,Clackamas County,41005,0.053168964,8462,159153
perc_vacant_housing_1y,2013, Oregon,Deschutes County,41017,0.190272152,15409,80984
perc_vacant_housing_1y,2013, Oregon,Douglas County,41019,0.103351206,5030,48669
perc_vacant_housing_1y,2013, Oregon,Jackson County,41029,0.078254953,7132,91138
perc_vacant_housing_1y,2013, Oregon,Josephine County,41033,0.082800359,3133,37838
perc_vacant_housing_1y,2013, Oregon,Klamath County,41035,0.210337639,6865,32638
perc_vacant_housing_1y,2013, Oregon,Lane County,41039,0.07385768,11554,156436
perc_vacant_housing_1y,2013, Oregon,Linn County,41043,0.095797837,4678,48832
perc_vacant_housing_1y,2013, Oregon,Marion County,41047,0.059667263,7259,121658
perc_vacant_housing_1y,2013, Oregon,Multnomah County,41051,0.049192064,16080,326882
perc_vacant_housing_1y,2013, Oregon,Polk County,41053,,,30393
perc_vacant_housing_1y,2013, Oregon,Umatilla County,41059,0.083652124,2471,29539
perc_vacant_housing_1y,2013, Oregon,Washington County,41067,0.049090985,10593,215783
perc_vacant_housing_1y,2013, Oregon,Yamhill County,41071,,,37189
perc_vacant_housing_1y,2013, Pennsylvania,Adams County,42001,0.079847999,3278,41053
perc_vacant_housing_1y,2013, Pennsylvania,Allegheny County,42003,0.094747208,55698,587859
perc_vacant_housing_1y,2013, Pennsylvania,Armstrong County,42005,0.121705741,3930,32291
perc_vacant_housing_1y,2013, Pennsylvania,Beaver County,42007,0.091997594,7184,78089
perc_vacant_housing_1y,2013, Pennsylvania,Berks County,42011,0.066312335,10892,164253
perc_vacant_housing_1y,2013, Pennsylvania,Blair County,42013,0.080824882,4519,55911
perc_vacant_housing_1y,2013, Pennsylvania,Bucks County,42017,0.053418536,13133,245851
perc_vacant_housing_1y,2013, Pennsylvania,Butler County,42019,0.058892846,4648,78923
perc_vacant_housing_1y,2013, Pennsylvania,Cambria County,42021,0.117405862,7645,65116
perc_vacant_housing_1y,2013, Pennsylvania,Carbon County,42025,0.250153184,8574,34275
perc_vacant_housing_1y,2013, Pennsylvania,Centre County,42027,0.114457272,7358,64286
perc_vacant_housing_1y,2013, Pennsylvania,Chester County,42029,0.0398979,7753,194321
perc_vacant_housing_1y,2013, Pennsylvania,Clearfield County,42033,0.193677738,7438,38404
perc_vacant_housing_1y,2013, Pennsylvania,Columbia County,42037,0.101253353,2981,29441
perc_vacant_housing_1y,2013, Pennsylvania,Crawford County,42039,0.2236619,9891,44223
perc_vacant_housing_1y,2013, Pennsylvania,Cumberland County,42041,0.048244793,4905,101669
perc_vacant_housing_1y,2013, Pennsylvania,Dauphin County,42043,0.090645254,10994,121286
perc_vacant_housing_1y,2013, Pennsylvania,Delaware County,42045,0.098212473,21774,221703
perc_vacant_housing_1y,2013, Pennsylvania,Erie County,42049,0.067496292,8049,119251
perc_vacant_housing_1y,2013, Pennsylvania,Fayette County,42051,0.157107428,9820,62505
perc_vacant_housing_1y,2013, Pennsylvania,Franklin County,42055,0.068296202,4356,63781
perc_vacant_housing_1y,2013, Pennsylvania,Indiana County,42063,0.124862917,4782,38298
perc_vacant_housing_1y,2013, Pennsylvania,Lackawanna County,42069,0.130138829,12542,96374
perc_vacant_housing_1y,2013, Pennsylvania,Lancaster County,42071,0.050468739,10347,205018
perc_vacant_housing_1y,2013, Pennsylvania,Lawrence County,42073,0.105374545,4282,40636
perc_vacant_housing_1y,2013, Pennsylvania,Lebanon County,42075,0.061889544,3447,55696
perc_vacant_housing_1y,2013, Pennsylvania,Lehigh County,42077,0.062626064,8942,142784
perc_vacant_housing_1y,2013, Pennsylvania,Luzerne County,42079,0.129417658,19141,147901
perc_vacant_housing_1y,2013, Pennsylvania,Lycoming County,42081,0.127420858,6678,52409
perc_vacant_housing_1y,2013, Pennsylvania,Mercer County,42085,0.110486597,5681,51418
perc_vacant_housing_1y,2013, Pennsylvania,Monroe County,42089,0.265781254,21393,80491
perc_vacant_housing_1y,2013, Pennsylvania,Montgomery County,42091,0.0605639,19762,326300
perc_vacant_housing_1y,2013, Pennsylvania,Northampton County,42095,0.069091238,8338,120681
perc_vacant_housing_1y,2013, Pennsylvania,Northumberland County,42097,0.117063053,5247,44822
perc_vacant_housing_1y,2013, Pennsylvania,Philadelphia County,42101,0.124307804,82991,667625
perc_vacant_housing_1y,2013, Pennsylvania,Schuylkill County,42107,0.148063153,10194,68849
perc_vacant_housing_1y,2013, Pennsylvania,Somerset County,42111,0.196915582,7444,37803
perc_vacant_housing_1y,2013, Pennsylvania,Washington County,42125,0.105424978,9841,93346
perc_vacant_housing_1y,2013, Pennsylvania,Westmoreland County,42129,0.107504889,18029,167704
perc_vacant_housing_1y,2013, Pennsylvania,York County,42133,0.079620741,14301,179614
perc_vacant_housing_1y,2013, Puerto Rico,Arecibo Municipio,72013,0.214382246,8884,41440
perc_vacant_housing_1y,2013, Puerto Rico,Bayam√≥n Municipio,72021,0.151821569,12702,83664
perc_vacant_housing_1y,2013, Puerto Rico,Caguas Municipio,72025,0.125418887,7298,58189
perc_vacant_housing_1y,2013, Puerto Rico,Carolina Municipio,72031,0.159170404,12241,76905
perc_vacant_housing_1y,2013, Puerto Rico,Guaynabo Municipio,72061,0.094038829,3846,40898
perc_vacant_housing_1y,2013, Puerto Rico,Mayag√ºez Municipio,72097,0.268784314,11068,41178
perc_vacant_housing_1y,2013, Puerto Rico,Ponce Municipio,72113,0.160217449,10757,67140
perc_vacant_housing_1y,2013, Puerto Rico,San Juan Municipio,72127,0.22456257,43200,192374
perc_vacant_housing_1y,2013, Puerto Rico,Toa Alta Municipio,72135,0.136462539,3512,25736
perc_vacant_housing_1y,2013, Puerto Rico,Toa Baja Municipio,72137,0.16216138,5579,34404
perc_vacant_housing_1y,2013, Puerto Rico,Trujillo Alto Municipio,72139,0.149121597,4346,29144
perc_vacant_housing_1y,2013, Rhode Island,Kent County,44003,0.055599421,4084,73454
perc_vacant_housing_1y,2013, Rhode Island,Newport County,44005,0.109968111,4586,41703
perc_vacant_housing_1y,2013, Rhode Island,Providence County,44007,0.098404326,25895,263149
perc_vacant_housing_1y,2013, Rhode Island,Washington County,44009,0.186331838,11664,62598
perc_vacant_housing_1y,2013, South Carolina,Aiken County,45003,0.139997542,10253,73237
perc_vacant_housing_1y,2013, South Carolina,Anderson County,45007,0.106889345,9050,84667
perc_vacant_housing_1y,2013, South Carolina,Beaufort County,45013,0.274304748,25546,93130
perc_vacant_housing_1y,2013, South Carolina,Berkeley County,45015,0.10073033,7641,75856
perc_vacant_housing_1y,2013, South Carolina,Charleston County,45019,0.134616375,23523,174741
perc_vacant_housing_1y,2013, South Carolina,Darlington County,45031,,,30019
perc_vacant_housing_1y,2013, South Carolina,Dorchester County,45035,0.074420333,4211,56584
perc_vacant_housing_1y,2013, South Carolina,Florence County,45041,0.125247046,7351,58692
perc_vacant_housing_1y,2013, South Carolina,Greenville County,45045,0.107947379,21401,198254
perc_vacant_housing_1y,2013, South Carolina,Greenwood County,45047,0.104338273,3230,30957
perc_vacant_housing_1y,2013, South Carolina,Horry County,45051,0.361896574,68587,189521
perc_vacant_housing_1y,2013, South Carolina,Lancaster County,45057,0.124988496,4074,32595
perc_vacant_housing_1y,2013, South Carolina,Laurens County,45059,0.147706687,4486,30371
perc_vacant_housing_1y,2013, South Carolina,Lexington County,45063,0.102726065,12002,116835
perc_vacant_housing_1y,2013, South Carolina,Oconee County,45073,0.21207498,8202,38675
perc_vacant_housing_1y,2013, South Carolina,Orangeburg County,45075,0.207196891,8683,41907
perc_vacant_housing_1y,2013, South Carolina,Pickens County,45077,0.137877837,7061,51212
perc_vacant_housing_1y,2013, South Carolina,Richland County,45079,0.107708901,17778,165056
perc_vacant_housing_1y,2013, South Carolina,Spartanburg County,45083,0.119983092,14762,123034
perc_vacant_housing_1y,2013, South Carolina,Sumter County,45085,0.136265486,6311,46314
perc_vacant_housing_1y,2013, South Carolina,York County,45091,0.090700023,8795,96968
perc_vacant_housing_1y,2013, South Dakota,Minnehaha County,46099,0.043335762,3213,74142
perc_vacant_housing_1y,2013, South Dakota,Pennington County,46103,0.087354317,4010,45905
perc_vacant_housing_1y,2013, Tennessee,Anderson County,47001,0.145949543,5050,34601
perc_vacant_housing_1y,2013, Tennessee,Blount County,47009,0.098594598,5465,55429
perc_vacant_housing_1y,2013, Tennessee,Bradley County,47011,0.089979552,3784,42054
perc_vacant_housing_1y,2013, Tennessee,Davidson County,47037,0.092326172,26671,288878
perc_vacant_housing_1y,2013, Tennessee,Greene County,47059,0.147135288,4697,31923
perc_vacant_housing_1y,2013, Tennessee,Hamilton County,47065,0.105377033,16121,152984
perc_vacant_housing_1y,2013, Tennessee,Knox County,47093,0.085174106,16804,197290
perc_vacant_housing_1y,2013, Tennessee,Madison County,47113,0.160675585,6821,42452
perc_vacant_housing_1y,2013, Tennessee,Maury County,47119,,,35560
perc_vacant_housing_1y,2013, Tennessee,Montgomery County,47125,0.118724741,8930,75216
perc_vacant_housing_1y,2013, Tennessee,Putnam County,47141,0.064336479,2091,32501
perc_vacant_housing_1y,2013, Tennessee,Robertson County,47147,,,26247
perc_vacant_housing_1y,2013, Tennessee,Rutherford County,47149,0.04935592,5253,106431
perc_vacant_housing_1y,2013, Tennessee,Sevier County,47155,0.330115974,18503,56050
perc_vacant_housing_1y,2013, Tennessee,Shelby County,47157,0.130887598,52507,401161
perc_vacant_housing_1y,2013, Tennessee,Sullivan County,47163,0.116875187,8613,73694
perc_vacant_housing_1y,2013, Tennessee,Sumner County,47165,0.06241063,4190,67136
perc_vacant_housing_1y,2013, Tennessee,Washington County,47179,0.104008123,6041,58082
perc_vacant_housing_1y,2013, Tennessee,Williamson County,47187,0.036891561,2658,72049
perc_vacant_housing_1y,2013, Tennessee,Wilson County,47189,0.069277614,3299,47620
perc_vacant_housing_1y,2013, Texas,Angelina County,48005,0.161153004,5792,35941
perc_vacant_housing_1y,2013, Texas,Bastrop County,48021,,,29284
perc_vacant_housing_1y,2013, Texas,Bell County,48027,0.21504125,28259,131412
perc_vacant_housing_1y,2013, Texas,Bexar County,48029,0.077748582,52431,674366
perc_vacant_housing_1y,2013, Texas,Bowie County,48037,0.171960115,6692,38916
perc_vacant_housing_1y,2013, Texas,Brazoria County,48039,0.095011301,11770,123880
perc_vacant_housing_1y,2013, Texas,Brazos County,48041,0.115426965,9435,81740
perc_vacant_housing_1y,2013, Texas,Cameron County,48061,0.164902225,23832,144522
perc_vacant_housing_1y,2013, Texas,Collin County,48085,0.032375656,10338,319314
perc_vacant_housing_1y,2013, Texas,Comal County,48091,0.113016181,5616,49692
perc_vacant_housing_1y,2013, Texas,Coryell County,48099,0.144716516,3747,25892
perc_vacant_housing_1y,2013, Texas,Dallas County,48113,0.081769742,78601,961248
perc_vacant_housing_1y,2013, Texas,Denton County,48121,0.058210984,15859,272440
perc_vacant_housing_1y,2013, Texas,Ector County,48135,0.055820037,3072,55034
perc_vacant_housing_1y,2013, Texas,El Paso County,48141,0.081682056,23047,282155
perc_vacant_housing_1y,2013, Texas,Ellis County,48139,0.049709849,2784,56005
perc_vacant_housing_1y,2013, Texas,Fort Bend County,48157,0.043181702,9262,214489
perc_vacant_housing_1y,2013, Texas,Galveston County,48167,0.185159311,25442,137406
perc_vacant_housing_1y,2013, Texas,Grayson County,48181,0.136526495,7354,53865
perc_vacant_housing_1y,2013, Texas,Gregg County,48183,0.071688272,3628,50608
perc_vacant_housing_1y,2013, Texas,Guadalupe County,48187,0.060620416,3199,52771
perc_vacant_housing_1y,2013, Texas,Harris County,48201,0.089857116,148394,1651444
perc_vacant_housing_1y,2013, Texas,Harrison County,48203,0.167056367,4644,27799
perc_vacant_housing_1y,2013, Texas,Hays County,48209,0.085845456,5778,67307
perc_vacant_housing_1y,2013, Texas,Henderson County,48213,0.287125707,11363,39575
perc_vacant_housing_1y,2013, Texas,Hidalgo County,48215,0.119147211,30592,256758
perc_vacant_housing_1y,2013, Texas,Hunt County,48231,0.158731028,5814,36628
perc_vacant_housing_1y,2013, Texas,Jefferson County,48245,0.142701998,15243,106817
perc_vacant_housing_1y,2013, Texas,Johnson County,48251,0.080903865,4701,58106
perc_vacant_housing_1y,2013, Texas,Kaufman County,48257,0.107285045,4150,38682
perc_vacant_housing_1y,2013, Texas,Liberty County,48291,0.123695411,3603,29128
perc_vacant_housing_1y,2013, Texas,Lubbock County,48303,0.107952826,12833,118876
perc_vacant_housing_1y,2013, Texas,McLennan County,48309,0.086752787,8368,96458
perc_vacant_housing_1y,2013, Texas,Midland County,48329,0.046274327,2594,56057
perc_vacant_housing_1y,2013, Texas,Montgomery County,48339,0.0903989,17026,188343
perc_vacant_housing_1y,2013, Texas,Nacogdoches County,48347,0.182093099,5058,27777
perc_vacant_housing_1y,2013, Texas,Nueces County,48355,0.106498562,15272,143401
perc_vacant_housing_1y,2013, Texas,Orange County,48361,0.100880258,3610,35785
perc_vacant_housing_1y,2013, Texas,Parker County,48367,,,47149
perc_vacant_housing_1y,2013, Texas,Potter County,48375,0.10800676,5242,48534
perc_vacant_housing_1y,2013, Texas,Randall County,48381,0.068800576,3639,52892
perc_vacant_housing_1y,2013, Texas,Rockwall County,48397,0.063634537,1900,29858
perc_vacant_housing_1y,2013, Texas,San Patricio County,48409,0.142707556,3816,26740
perc_vacant_housing_1y,2013, Texas,Smith County,48423,0.095957235,8419,87737
perc_vacant_housing_1y,2013, Texas,Tarrant County,48439,0.0772826,56468,730669
perc_vacant_housing_1y,2013, Texas,Taylor County,48441,0.110541172,6228,56341
perc_vacant_housing_1y,2013, Texas,Tom Green County,48451,0.07751099,3651,47103
perc_vacant_housing_1y,2013, Texas,Travis County,48453,0.062721126,28949,461551
perc_vacant_housing_1y,2013, Texas,Victoria County,48469,0.073627241,2612,35476
perc_vacant_housing_1y,2013, Texas,Walker County,48471,0.167627245,4130,24638
perc_vacant_housing_1y,2013, Texas,Webb County,48479,0.097532824,7436,76241
perc_vacant_housing_1y,2013, Texas,Wichita County,48485,0.106181517,5921,55763
perc_vacant_housing_1y,2013, Texas,Williamson County,48491,0.052213341,8936,171144
perc_vacant_housing_1y,2013, Utah,Cache County,49005,0.090270609,3496,38728
perc_vacant_housing_1y,2013, Utah,Davis County,49011,0.047609188,4828,101409
perc_vacant_housing_1y,2013, Utah,Salt Lake County,49035,0.062066272,23057,371490
perc_vacant_housing_1y,2013, Utah,Utah County,49049,0.045631006,7029,154040
perc_vacant_housing_1y,2013, Utah,Washington County,49053,0.171292618,10368,60528
perc_vacant_housing_1y,2013, Utah,Weber County,49057,0.082827263,7215,87109
perc_vacant_housing_1y,2013, Vermont,Chittenden County,50007,0.052815579,3520,66647
perc_vacant_housing_1y,2013, Virginia,Albemarle County,51003,0.097348392,4233,43483
perc_vacant_housing_1y,2013, Virginia,Alexandria city,51510,0.086958297,6389,73472
perc_vacant_housing_1y,2013, Virginia,Arlington County,51013,0.089781106,9848,109689
perc_vacant_housing_1y,2013, Virginia,Augusta County,51015,0.143128797,4516,31552
perc_vacant_housing_1y,2013, Virginia,Bedford County,51019,0.132227838,4290,32444
perc_vacant_housing_1y,2013, Virginia,Chesapeake city,51550,0.072718233,6287,86457
perc_vacant_housing_1y,2013, Virginia,Chesterfield County,51041,0.069663279,8710,125030
perc_vacant_housing_1y,2013, Virginia,Fairfax County,51059,0.036955506,15126,409303
perc_vacant_housing_1y,2013, Virginia,Fauquier County,51061,0.092788279,2406,25930
perc_vacant_housing_1y,2013, Virginia,Frederick County,51069,,,32007
perc_vacant_housing_1y,2013, Virginia,Hampton city,51650,0.105000332,6308,60076
perc_vacant_housing_1y,2013, Virginia,Hanover County,51085,,,39260
perc_vacant_housing_1y,2013, Virginia,Henrico County,51087,0.078116491,10473,134069
perc_vacant_housing_1y,2013, Virginia,James City County,51095,,,30986
perc_vacant_housing_1y,2013, Virginia,Loudoun County,51107,0.043210451,5114,118351
perc_vacant_housing_1y,2013, Virginia,Lynchburg city,51680,0.077578433,2495,32161
perc_vacant_housing_1y,2013, Virginia,Montgomery County,51121,0.097274058,3779,38849
perc_vacant_housing_1y,2013, Virginia,Newport News city,51700,0.121258087,9353,77133
perc_vacant_housing_1y,2013, Virginia,Norfolk city,51710,0.104093723,9960,95683
perc_vacant_housing_1y,2013, Virginia,Portsmouth city,51740,0.118390128,4836,40848
perc_vacant_housing_1y,2013, Virginia,Prince William County,51153,0.033806629,4819,142546
perc_vacant_housing_1y,2013, Virginia,Richmond city,51760,0.108453885,10766,99268
perc_vacant_housing_1y,2013, Virginia,Roanoke County,51161,0.037026942,1494,40349
perc_vacant_housing_1y,2013, Virginia,Roanoke city,51770,0.090322852,4258,47142
perc_vacant_housing_1y,2013, Virginia,Rockingham County,51165,0.15081881,5139,34074
perc_vacant_housing_1y,2013, Virginia,Spotsylvania County,51177,0.073380858,3356,45734
perc_vacant_housing_1y,2013, Virginia,Stafford County,51179,0.038948756,1771,45470
perc_vacant_housing_1y,2013, Virginia,Suffolk city,51800,0.08686851,2961,34086
perc_vacant_housing_1y,2013, Virginia,Virginia Beach city,51810,0.080999456,14617,180458
perc_vacant_housing_1y,2013, Virginia,York County,51199,0.105649196,2852,26995
perc_vacant_housing_1y,2013, Washington,Benton County,53005,0.038176078,2721,71275
perc_vacant_housing_1y,2013, Washington,Chelan County,53007,0.222976759,7946,35636
perc_vacant_housing_1y,2013, Washington,Clallam County,53009,0.136867821,4874,35611
perc_vacant_housing_1y,2013, Washington,Clark County,53011,0.06358923,10793,169730
perc_vacant_housing_1y,2013, Washington,Cowlitz County,53015,0.108301163,4685,43259
perc_vacant_housing_1y,2013, Washington,Franklin County,53021,,,26038
perc_vacant_housing_1y,2013, Washington,Grant County,53025,0.124565803,4375,35122
perc_vacant_housing_1y,2013, Washington,Grays Harbor County,53027,0.223510966,7843,35090
perc_vacant_housing_1y,2013, Washington,Island County,53029,0.176506981,7133,40412
perc_vacant_housing_1y,2013, Washington,King County,53033,0.05246618,45561,868388
perc_vacant_housing_1y,2013, Washington,Kitsap County,53035,0.095277652,10322,108336
perc_vacant_housing_1y,2013, Washington,Lewis County,53041,0.139321074,4728,33936
perc_vacant_housing_1y,2013, Washington,Pierce County,53053,0.0778623,25661,329569
perc_vacant_housing_1y,2013, Washington,Skagit County,53057,0.11963059,6166,51542
perc_vacant_housing_1y,2013, Washington,Snohomish County,53061,0.073689416,21598,293095
perc_vacant_housing_1y,2013, Washington,Spokane County,53063,0.083761126,17116,204343
perc_vacant_housing_1y,2013, Washington,Thurston County,53067,0.091910399,10147,110401
perc_vacant_housing_1y,2013, Washington,Whatcom County,53073,0.134196252,12265,91396
perc_vacant_housing_1y,2013, Washington,Yakima County,53077,0.068104029,5850,85898
perc_vacant_housing_1y,2013, West Virginia,Berkeley County,54003,0.090617798,4129,45565
perc_vacant_housing_1y,2013, West Virginia,Cabell County,54011,0.125051454,5772,46157
perc_vacant_housing_1y,2013, West Virginia,Harrison County,54033,0.136153817,4277,31413
perc_vacant_housing_1y,2013, West Virginia,Kanawha County,54039,0.097458318,8961,91947
perc_vacant_housing_1y,2013, West Virginia,Monongalia County,54061,0.141406149,6251,44206
perc_vacant_housing_1y,2013, West Virginia,Raleigh County,54081,0.137540132,4926,35815
perc_vacant_housing_1y,2013, West Virginia,Wood County,54107,0.096298143,3863,40115
perc_vacant_housing_1y,2013, Wisconsin,Brown County,55009,0.060009792,6374,106216
perc_vacant_housing_1y,2013, Wisconsin,Dane County,55025,0.031107103,6830,219564
perc_vacant_housing_1y,2013, Wisconsin,Dodge County,55027,0.139276743,5157,37027
perc_vacant_housing_1y,2013, Wisconsin,Eau Claire County,55035,0.066466391,2832,42608
perc_vacant_housing_1y,2013, Wisconsin,Fond du Lac County,55039,0.066846192,2954,44191
perc_vacant_housing_1y,2013, Wisconsin,Jefferson County,55055,0.067641787,2377,35141
perc_vacant_housing_1y,2013, Wisconsin,Kenosha County,55059,0.090083204,6247,69347
perc_vacant_housing_1y,2013, Wisconsin,La Crosse County,55063,0.063359074,3093,48817
perc_vacant_housing_1y,2013, Wisconsin,Manitowoc County,55071,0.097579382,3620,37098
perc_vacant_housing_1y,2013, Wisconsin,Marathon County,55073,0.06006787,3487,58051
perc_vacant_housing_1y,2013, Wisconsin,Milwaukee County,55079,0.083341137,34726,416673
perc_vacant_housing_1y,2013, Wisconsin,Outagamie County,55087,0.051249679,3816,74459
perc_vacant_housing_1y,2013, Wisconsin,Ozaukee County,55089,0.065737106,2395,36433
perc_vacant_housing_1y,2013, Wisconsin,Portage County,55097,0.081243999,2453,30193
perc_vacant_housing_1y,2013, Wisconsin,Racine County,55101,0.116833419,9587,82057
perc_vacant_housing_1y,2013, Wisconsin,Rock County,55105,0.058741525,4003,68146
perc_vacant_housing_1y,2013, Wisconsin,Sheboygan County,55117,0.054449659,2749,50487
perc_vacant_housing_1y,2013, Wisconsin,St. Croix County,55109,0.050115023,1721,34341
perc_vacant_housing_1y,2013, Wisconsin,Walworth County,55127,0.204578549,10536,51501
perc_vacant_housing_1y,2013, Wisconsin,Washington County,55131,,,55138
perc_vacant_housing_1y,2013, Wisconsin,Waukesha County,55133,0.035810389,5789,161657
perc_vacant_housing_1y,2013, Wisconsin,Winnebago County,55139,0.062429704,4607,73795
perc_vacant_housing_1y,2013, Wisconsin,Wood County,55141,,,34113
perc_vacant_housing_1y,2013, Wyoming,Laramie County,56021,0.102875836,4214,40962
perc_vacant_housing_1y,2013, Wyoming,Natrona County,56025,0.068385303,2406,35183
