measure label,year,state,county,fips,senior_unemployment_1y,numerator,denominator
senior_unemployment_1y,2013, Alabama,Baldwin County,1003,0.019105606,91,4763
senior_unemployment_1y,2013, Alabama,Calhoun County,1015,0.066402815,151,2274
senior_unemployment_1y,2013, Alabama,Cullman County,1043,0.056095738,75,1337
senior_unemployment_1y,2013, Alabama,Etowah County,1055,0,0,1873
senior_unemployment_1y,2013, Alabama,Houston County,1069,0.039669421,120,3025
senior_unemployment_1y,2013, Alabama,Jefferson County,1073,0.045365974,745,16422
senior_unemployment_1y,2013, Alabama,Lauderdale County,1077,0.123443425,228,1847
senior_unemployment_1y,2013, Alabama,Lee County,1081,0.055496264,156,2811
senior_unemployment_1y,2013, Alabama,Limestone County,1083,0,0,2285
senior_unemployment_1y,2013, Alabama,Madison County,1089,0.048412699,366,7560
senior_unemployment_1y,2013, Alabama,Marshall County,1095,0.009708738,17,1751
senior_unemployment_1y,2013, Alabama,Mobile County,1097,0.074937738,662,8834
senior_unemployment_1y,2013, Alabama,Montgomery County,1101,0.018828813,109,5789
senior_unemployment_1y,2013, Alabama,Morgan County,1103,0.058851004,126,2141
senior_unemployment_1y,2013, Alabama,Shelby County,1117,0.011437909,49,4284
senior_unemployment_1y,2013, Alabama,Talladega County,1121,0,0,1578
senior_unemployment_1y,2013, Alabama,Tuscaloosa County,1125,0.019221041,76,3954
senior_unemployment_1y,2013, Alaska,Anchorage Municipality,2020,0.070205212,455,6481
senior_unemployment_1y,2013, Alaska,Fairbanks North Star Borough,2090,0.167926118,400,2382
senior_unemployment_1y,2013, Alaska,Matanuska-Susitna Borough,2170,0.068945542,119,1726
senior_unemployment_1y,2013, Arizona,Apache County,4001,0.061043285,55,901
senior_unemployment_1y,2013, Arizona,Cochise County,4003,0.077651516,246,3168
senior_unemployment_1y,2013, Arizona,Coconino County,4005,0.078284547,230,2938
senior_unemployment_1y,2013, Arizona,Maricopa County,4013,0.073231377,6067,82847
senior_unemployment_1y,2013, Arizona,Mohave County,4015,0.08518815,532,6245
senior_unemployment_1y,2013, Arizona,Navajo County,4017,0.014523708,34,2341
senior_unemployment_1y,2013, Arizona,Pima County,4019,0.07297767,1807,24761
senior_unemployment_1y,2013, Arizona,Pinal County,4021,0.053399395,388,7266
senior_unemployment_1y,2013, Arizona,Yavapai County,4025,0.076101631,620,8147
senior_unemployment_1y,2013, Arizona,Yuma County,4027,0.119758353,337,2814
senior_unemployment_1y,2013, Arkansas,Benton County,5007,0.044799998,252,5625
senior_unemployment_1y,2013, Arkansas,Craighead County,5031,0,0,1554
senior_unemployment_1y,2013, Arkansas,Faulkner County,5045,0.005158438,7,1357
senior_unemployment_1y,2013, Arkansas,Garland County,5051,0.07661888,155,2023
senior_unemployment_1y,2013, Arkansas,Jefferson County,5069,0,0,1348
senior_unemployment_1y,2013, Arkansas,Lonoke County,5085,0.01297097,21,1619
senior_unemployment_1y,2013, Arkansas,Pulaski County,5119,0.019891342,227,11412
senior_unemployment_1y,2013, Arkansas,Sebastian County,5131,0.071167141,175,2459
senior_unemployment_1y,2013, Arkansas,Washington County,5143,0.027142216,121,4458
senior_unemployment_1y,2013, Arkansas,White County,5145,0.055426177,119,2147
senior_unemployment_1y,2013, California,Alameda County,6001,0.071230002,2511,35252
senior_unemployment_1y,2013, California,Butte County,6007,0.078532986,394,5017
senior_unemployment_1y,2013, California,Contra Costa County,6013,0.074367948,1912,25710
senior_unemployment_1y,2013, California,El Dorado County,6017,0.105424143,517,4904
senior_unemployment_1y,2013, California,Fresno County,6019,0.070524208,1231,17455
senior_unemployment_1y,2013, California,Humboldt County,6023,0.021323998,67,3142
senior_unemployment_1y,2013, California,Imperial County,6025,0.085804135,191,2226
senior_unemployment_1y,2013, California,Kern County,6029,0.108515628,1389,12800
senior_unemployment_1y,2013, California,Kings County,6031,0.063950486,124,1939
senior_unemployment_1y,2013, California,Los Angeles County,6037,0.071607366,15791,220522
senior_unemployment_1y,2013, California,Madera County,6039,0.008743673,19,2173
senior_unemployment_1y,2013, California,Marin County,6041,0.048618786,616,12670
senior_unemployment_1y,2013, California,Mendocino County,6045,0.023995014,77,3209
senior_unemployment_1y,2013, California,Merced County,6047,0.181545556,787,4335
senior_unemployment_1y,2013, California,Monterey County,6053,0.077906728,725,9306
senior_unemployment_1y,2013, California,Napa County,6055,0.058539793,267,4561
senior_unemployment_1y,2013, California,Orange County,6059,0.069266587,5474,79028
senior_unemployment_1y,2013, California,Placer County,6061,0.065771528,627,9533
senior_unemployment_1y,2013, California,Riverside County,6065,0.105408184,4514,42824
senior_unemployment_1y,2013, California,Sacramento County,6067,0.079154432,2022,25545
senior_unemployment_1y,2013, California,San Bernardino County,6071,0.096721642,2850,29466
senior_unemployment_1y,2013, California,San Diego County,6073,0.069462739,4798,69073
senior_unemployment_1y,2013, California,San Francisco County,6075,0.034283776,707,20622
senior_unemployment_1y,2013, California,San Joaquin County,6077,0.083417319,1076,12899
senior_unemployment_1y,2013, California,San Luis Obispo County,6079,0.052125692,423,8115
senior_unemployment_1y,2013, California,San Mateo County,6081,0.043165147,965,22356
senior_unemployment_1y,2013, California,Santa Barbara County,6083,0.072939344,938,12860
senior_unemployment_1y,2013, California,Santa Clara County,6085,0.063219666,2564,40557
senior_unemployment_1y,2013, California,Santa Cruz County,6087,0.128852323,924,7171
senior_unemployment_1y,2013, California,Shasta County,6089,0.037351053,163,4364
senior_unemployment_1y,2013, California,Solano County,6095,0.079114266,736,9303
senior_unemployment_1y,2013, California,Sonoma County,6097,0.062358949,1050,16838
senior_unemployment_1y,2013, California,Stanislaus County,6099,0.127897173,1214,9492
senior_unemployment_1y,2013, California,Sutter County,6101,0.089257911,172,1927
senior_unemployment_1y,2013, California,Tulare County,6107,0.073289678,526,7177
senior_unemployment_1y,2013, California,Ventura County,6111,0.035234898,819,23244
senior_unemployment_1y,2013, California,Yolo County,6113,0.050762758,193,3802
senior_unemployment_1y,2013, California,Yuba County,6115,0.139833719,185,1323
senior_unemployment_1y,2013, Colorado,Adams County,8001,0.013245033,100,7550
senior_unemployment_1y,2013, Colorado,Arapahoe County,8005,0.037645955,561,14902
senior_unemployment_1y,2013, Colorado,Boulder County,8013,0.050018478,406,8117
senior_unemployment_1y,2013, Colorado,Denver County,8031,0.043709181,609,13933
senior_unemployment_1y,2013, Colorado,Douglas County,8035,0.027679101,187,6756
senior_unemployment_1y,2013, Colorado,El Paso County,8041,0.088073529,1169,13273
senior_unemployment_1y,2013, Colorado,Jefferson County,8059,0.053116713,801,15080
senior_unemployment_1y,2013, Colorado,Larimer County,8069,0.040132079,316,7874
senior_unemployment_1y,2013, Colorado,Mesa County,8077,0.032404408,150,4629
senior_unemployment_1y,2013, Colorado,Pueblo County,8101,0.051907968,185,3564
senior_unemployment_1y,2013, Colorado,Weld County,8123,0.051948052,280,5390
senior_unemployment_1y,2013, Connecticut,Fairfield County,9001,0.068272106,2217,32473
senior_unemployment_1y,2013, Connecticut,Hartford County,9003,0.048918456,1375,28108
senior_unemployment_1y,2013, Connecticut,Litchfield County,9005,0.069049552,510,7386
senior_unemployment_1y,2013, Connecticut,Middlesex County,9007,0.082358234,366,4444
senior_unemployment_1y,2013, Connecticut,New Haven County,9009,0.054184139,1486,27425
senior_unemployment_1y,2013, Connecticut,New London County,9011,0.044885177,387,8622
senior_unemployment_1y,2013, Connecticut,Tolland County,9013,0.056898288,226,3972
senior_unemployment_1y,2013, Connecticut,Windham County,9015,0.111300886,391,3513
senior_unemployment_1y,2013, Delaware,Kent County,10001,0.07975018,332,4163
senior_unemployment_1y,2013, Delaware,New Castle County,10003,0.051979616,663,12755
senior_unemployment_1y,2013, Delaware,Sussex County,10005,0.047048077,412,8757
senior_unemployment_1y,2013, District of Columbia,District of Columbia,11001,0.045109004,718,15917
senior_unemployment_1y,2013, Florida,Alachua County,12001,0.014050656,76,5409
senior_unemployment_1y,2013, Florida,Bay County,12005,0.04860051,191,3930
senior_unemployment_1y,2013, Florida,Brevard County,12009,0.095871478,1665,17367
senior_unemployment_1y,2013, Florida,Broward County,12011,0.085098051,4565,53644
senior_unemployment_1y,2013, Florida,Charlotte County,12015,0.063681595,384,6030
senior_unemployment_1y,2013, Florida,Citrus County,12017,0.021219512,87,4100
senior_unemployment_1y,2013, Florida,Clay County,12019,0.028473804,125,4390
senior_unemployment_1y,2013, Florida,Collier County,12021,0.049678769,665,13386
senior_unemployment_1y,2013, Florida,Columbia County,12023,0.087866105,126,1434
senior_unemployment_1y,2013, Florida,Duval County,12031,0.08205533,1664,20279
senior_unemployment_1y,2013, Florida,Escambia County,12033,0.102718592,699,6805
senior_unemployment_1y,2013, Florida,Flagler County,12035,0.022781774,57,2502
senior_unemployment_1y,2013, Florida,Hernando County,12053,0.190393776,880,4622
senior_unemployment_1y,2013, Florida,Highlands County,12055,0.079970106,214,2676
senior_unemployment_1y,2013, Florida,Hillsborough County,12057,0.067517854,1872,27726
senior_unemployment_1y,2013, Florida,Indian River County,12061,0.04299796,253,5884
senior_unemployment_1y,2013, Florida,Lake County,12069,0.113964386,1216,10670
senior_unemployment_1y,2013, Florida,Lee County,12071,0.063680805,1537,24136
senior_unemployment_1y,2013, Florida,Leon County,12073,0.051530212,394,7646
senior_unemployment_1y,2013, Florida,Manatee County,12081,0.0611853,701,11457
senior_unemployment_1y,2013, Florida,Marion County,12083,0.038780004,370,9541
senior_unemployment_1y,2013, Florida,Martin County,12085,0.064814813,371,5724
senior_unemployment_1y,2013, Florida,Miami-Dade County,12086,0.067916282,4040,59485
senior_unemployment_1y,2013, Florida,Okaloosa County,12091,0.078277886,400,5110
senior_unemployment_1y,2013, Florida,Orange County,12095,0.062041331,1471,23710
senior_unemployment_1y,2013, Florida,Osceola County,12097,0.060416665,319,5280
senior_unemployment_1y,2013, Florida,Palm Beach County,12099,0.085930385,4056,47201
senior_unemployment_1y,2013, Florida,Pasco County,12101,0.11778719,1335,11334
senior_unemployment_1y,2013, Florida,Pinellas County,12103,0.066982739,2204,32904
senior_unemployment_1y,2013, Florida,Polk County,12105,0.054713055,920,16815
senior_unemployment_1y,2013, Florida,Santa Rosa County,12113,0.058044165,184,3170
senior_unemployment_1y,2013, Florida,Sarasota County,12115,0.070873089,1285,18131
senior_unemployment_1y,2013, Florida,Seminole County,12117,0.084784813,920,10851
senior_unemployment_1y,2013, Florida,St. Johns County,12109,0.022629,157,6938
senior_unemployment_1y,2013, Florida,St. Lucie County,12111,0.077905625,738,9473
senior_unemployment_1y,2013, Florida,Volusia County,12127,0.077270038,1045,13524
senior_unemployment_1y,2013, Georgia,Barrow County,13013,0.258150727,483,1871
senior_unemployment_1y,2013, Georgia,Bibb County,13021,0.007438551,23,3092
senior_unemployment_1y,2013, Georgia,Bulloch County,13031,0.010838563,19,1753
senior_unemployment_1y,2013, Georgia,Carroll County,13045,0,0,1667
senior_unemployment_1y,2013, Georgia,Chatham County,13051,0.066486001,368,5535
senior_unemployment_1y,2013, Georgia,Cherokee County,13057,0.053470738,275,5143
senior_unemployment_1y,2013, Georgia,Clarke County,13059,0,0,2102
senior_unemployment_1y,2013, Georgia,Clayton County,13063,0.070640177,224,3171
senior_unemployment_1y,2013, Georgia,Cobb County,13067,0.085687444,1368,15965
senior_unemployment_1y,2013, Georgia,Columbia County,13073,0.077695332,178,2291
senior_unemployment_1y,2013, Georgia,Coweta County,13077,0.015833745,32,2021
senior_unemployment_1y,2013, Georgia,DeKalb County,13089,0.09907236,1335,13475
senior_unemployment_1y,2013, Georgia,Dougherty County,13095,0.11341735,153,1349
senior_unemployment_1y,2013, Georgia,Douglas County,13097,0,0,2385
senior_unemployment_1y,2013, Georgia,Fayette County,13113,0.085176326,285,3346
senior_unemployment_1y,2013, Georgia,Floyd County,13115,0,0,2145
senior_unemployment_1y,2013, Georgia,Forsyth County,13117,0.027676621,114,4119
senior_unemployment_1y,2013, Georgia,Fulton County,13121,0.054931682,993,18077
senior_unemployment_1y,2013, Georgia,Gwinnett County,13135,0.081481479,1067,13095
senior_unemployment_1y,2013, Georgia,Hall County,13139,0.013035849,52,3989
senior_unemployment_1y,2013, Georgia,Henry County,13151,0,0,2588
senior_unemployment_1y,2013, Georgia,Houston County,13153,0.067672238,166,2453
senior_unemployment_1y,2013, Georgia,Liberty County,13179,0.142372876,126,885
senior_unemployment_1y,2013, Georgia,Lowndes County,13185,0.213770494,326,1525
senior_unemployment_1y,2013, Georgia,Muscogee County,13215,0.053797469,170,3160
senior_unemployment_1y,2013, Georgia,Newton County,13217,0,0,1065
senior_unemployment_1y,2013, Georgia,Paulding County,13223,0,0,1715
senior_unemployment_1y,2013, Georgia,Richmond County,13245,0.096089721,317,3299
senior_unemployment_1y,2013, Georgia,Walton County,13297,0.025490196,52,2040
senior_unemployment_1y,2013, Georgia,Whitfield County,13313,0.151810586,327,2154
senior_unemployment_1y,2013, Hawaii,Hawaii County,15001,0.076298453,498,6527
senior_unemployment_1y,2013, Hawaii,Honolulu County,15003,0.027496275,738,26840
senior_unemployment_1y,2013, Hawaii,Kauai County,15007,0.066777967,160,2396
senior_unemployment_1y,2013, Hawaii,Maui County,15009,0.006353689,36,5666
senior_unemployment_1y,2013, Idaho,Ada County,16001,0.061920751,461,7445
senior_unemployment_1y,2013, Idaho,Bannock County,16005,0.036689419,43,1172
senior_unemployment_1y,2013, Idaho,Bonneville County,16019,0.094223484,199,2112
senior_unemployment_1y,2013, Idaho,Canyon County,16027,0.089663759,288,3212
senior_unemployment_1y,2013, Idaho,Kootenai County,16055,0.070136584,190,2709
senior_unemployment_1y,2013, Illinois,Champaign County,17019,0.026233183,117,4460
senior_unemployment_1y,2013, Illinois,Cook County,17031,0.074173085,8768,118210
senior_unemployment_1y,2013, Illinois,DeKalb County,17037,0.019120459,30,1569
senior_unemployment_1y,2013, Illinois,DuPage County,17043,0.040939495,1065,26014
senior_unemployment_1y,2013, Illinois,Kane County,17089,0.020468097,230,11237
senior_unemployment_1y,2013, Illinois,Kankakee County,17091,0.150950879,381,2524
senior_unemployment_1y,2013, Illinois,LaSalle County,17099,0.006451613,18,2790
senior_unemployment_1y,2013, Illinois,Lake County,17097,0.064221889,1035,16116
senior_unemployment_1y,2013, Illinois,Macon County,17115,0.15176715,511,3367
senior_unemployment_1y,2013, Illinois,Madison County,17119,0.027538436,163,5919
senior_unemployment_1y,2013, Illinois,McHenry County,17111,0.111111112,878,7902
senior_unemployment_1y,2013, Illinois,McLean County,17113,0.036454611,102,2798
senior_unemployment_1y,2013, Illinois,Peoria County,17143,0,0,4146
senior_unemployment_1y,2013, Illinois,Rock Island County,17161,0.03613551,144,3985
senior_unemployment_1y,2013, Illinois,Sangamon County,17167,0.047659285,282,5917
senior_unemployment_1y,2013, Illinois,St. Clair County,17163,0.064604811,376,5820
senior_unemployment_1y,2013, Illinois,Tazewell County,17179,0,0,2456
senior_unemployment_1y,2013, Illinois,Vermilion County,17183,0.09780702,223,2280
senior_unemployment_1y,2013, Illinois,Will County,17197,0.04083956,574,14055
senior_unemployment_1y,2013, Illinois,Williamson County,17199,0.008064516,13,1612
senior_unemployment_1y,2013, Illinois,Winnebago County,17201,0.065053552,492,7563
senior_unemployment_1y,2013, Indiana,Allen County,18003,0.047977321,440,9171
senior_unemployment_1y,2013, Indiana,Bartholomew County,18005,0.058471456,127,2172
senior_unemployment_1y,2013, Indiana,Clark County,18019,0.026570048,66,2484
senior_unemployment_1y,2013, Indiana,Delaware County,18035,0.051529791,128,2484
senior_unemployment_1y,2013, Indiana,Elkhart County,18039,0.010369533,55,5304
senior_unemployment_1y,2013, Indiana,Floyd County,18043,0.03776361,77,2039
senior_unemployment_1y,2013, Indiana,Grant County,18053,0.023555804,42,1783
senior_unemployment_1y,2013, Indiana,Hamilton County,18057,0.027589938,204,7394
senior_unemployment_1y,2013, Indiana,Hendricks County,18063,0.013577894,57,4198
senior_unemployment_1y,2013, Indiana,Howard County,18067,0,0,2772
senior_unemployment_1y,2013, Indiana,Johnson County,18081,0.041879468,164,3916
senior_unemployment_1y,2013, Indiana,Kosciusko County,18085,0.033487298,58,1732
senior_unemployment_1y,2013, Indiana,LaPorte County,18091,0.0599631,195,3252
senior_unemployment_1y,2013, Indiana,Lake County,18089,0.032648012,343,10506
senior_unemployment_1y,2013, Indiana,Madison County,18095,0.049602423,131,2641
senior_unemployment_1y,2013, Indiana,Marion County,18097,0.063060924,1061,16825
senior_unemployment_1y,2013, Indiana,Monroe County,18105,0.04153974,150,3611
senior_unemployment_1y,2013, Indiana,Porter County,18127,0.031165645,127,4075
senior_unemployment_1y,2013, Indiana,St. Joseph County,18141,0.034816943,194,5572
senior_unemployment_1y,2013, Indiana,Tippecanoe County,18157,0.024033438,69,2871
senior_unemployment_1y,2013, Indiana,Vanderburgh County,18163,0.020741826,85,4098
senior_unemployment_1y,2013, Indiana,Vigo County,18167,0.013646702,36,2638
senior_unemployment_1y,2013, Indiana,Wayne County,18177,0.052788105,71,1345
senior_unemployment_1y,2013, Iowa,Black Hawk County,19013,0.006267806,22,3510
senior_unemployment_1y,2013, Iowa,Dubuque County,19061,0.007960577,21,2638
senior_unemployment_1y,2013, Iowa,Johnson County,19103,0,0,2931
senior_unemployment_1y,2013, Iowa,Linn County,19113,0.049207874,205,4166
senior_unemployment_1y,2013, Iowa,Polk County,19153,0.035604723,383,10757
senior_unemployment_1y,2013, Iowa,Pottawattamie County,19155,0.030950306,71,2294
senior_unemployment_1y,2013, Iowa,Scott County,19163,0.028969359,104,3590
senior_unemployment_1y,2013, Iowa,Story County,19169,0.037815128,54,1428
senior_unemployment_1y,2013, Iowa,Woodbury County,19193,0.0608496,159,2613
senior_unemployment_1y,2013, Kansas,Douglas County,20045,0.011160715,30,2688
senior_unemployment_1y,2013, Kansas,Johnson County,20091,0.031070627,498,16028
senior_unemployment_1y,2013, Kansas,Leavenworth County,20103,0.083504096,163,1952
senior_unemployment_1y,2013, Kansas,Sedgwick County,20173,0.032753624,339,10350
senior_unemployment_1y,2013, Kansas,Shawnee County,20177,0.080020785,308,3849
senior_unemployment_1y,2013, Kansas,Wyandotte County,20209,0.026506899,73,2754
senior_unemployment_1y,2013, Kentucky,Boone County,21015,0.019362187,51,2634
senior_unemployment_1y,2013, Kentucky,Campbell County,21037,0.048304692,104,2153
senior_unemployment_1y,2013, Kentucky,Christian County,21047,0,0,1573
senior_unemployment_1y,2013, Kentucky,Daviess County,21059,0.058091287,112,1928
senior_unemployment_1y,2013, Kentucky,Fayette County,21067,0.032345399,227,7018
senior_unemployment_1y,2013, Kentucky,Hardin County,21093,0,0,2172
senior_unemployment_1y,2013, Kentucky,Jefferson County,21111,0.033713695,585,17352
senior_unemployment_1y,2013, Kentucky,Kenton County,21117,0.047777042,144,3014
senior_unemployment_1y,2013, Kentucky,Madison County,21151,0.075303644,93,1235
senior_unemployment_1y,2013, Kentucky,Pike County,21195,0,0,788
senior_unemployment_1y,2013, Kentucky,Warren County,21227,0,0,2450
senior_unemployment_1y,2013, Louisiana,Bossier Parish,22015,0.005930319,16,2698
senior_unemployment_1y,2013, Louisiana,Caddo Parish,22017,0.021636738,147,6794
senior_unemployment_1y,2013, Louisiana,Calcasieu Parish,22019,0.064799257,347,5355
senior_unemployment_1y,2013, Louisiana,East Baton Rouge Parish,22033,0.035973281,377,10480
senior_unemployment_1y,2013, Louisiana,Iberia Parish,22045,0,0,1719
senior_unemployment_1y,2013, Louisiana,Jefferson Parish,22051,0.061215628,846,13820
senior_unemployment_1y,2013, Louisiana,Lafayette Parish,22055,0.023667537,127,5366
senior_unemployment_1y,2013, Louisiana,Lafourche Parish,22057,0.01017501,25,2457
senior_unemployment_1y,2013, Louisiana,Orleans Parish,22071,0.052785311,506,9586
senior_unemployment_1y,2013, Louisiana,Ouachita Parish,22073,0.039289679,177,4505
senior_unemployment_1y,2013, Louisiana,Rapides Parish,22079,0.031218864,94,3011
senior_unemployment_1y,2013, Louisiana,St. Landry Parish,22097,0,0,1877
senior_unemployment_1y,2013, Louisiana,St. Tammany Parish,22103,0.018030513,117,6489
senior_unemployment_1y,2013, Louisiana,Tangipahoa Parish,22105,0.051300071,146,2846
senior_unemployment_1y,2013, Louisiana,Terrebonne Parish,22109,0,0,1983
senior_unemployment_1y,2013, Maine,Androscoggin County,23001,0.085165791,244,2865
senior_unemployment_1y,2013, Maine,Aroostook County,23003,0.061666667,148,2400
senior_unemployment_1y,2013, Maine,Cumberland County,23005,0.067817792,597,8803
senior_unemployment_1y,2013, Maine,Kennebec County,23011,0.080239519,335,4175
senior_unemployment_1y,2013, Maine,Penobscot County,23019,0.026105652,85,3256
senior_unemployment_1y,2013, Maine,York County,23031,0.02514793,153,6084
senior_unemployment_1y,2013, Maryland,Allegany County,24001,0.042271294,67,1585
senior_unemployment_1y,2013, Maryland,Anne Arundel County,24003,0.035728309,546,15282
senior_unemployment_1y,2013, Maryland,Baltimore County,24005,0.041892972,1049,25040
senior_unemployment_1y,2013, Maryland,Baltimore city,24510,0.070149004,838,11946
senior_unemployment_1y,2013, Maryland,Calvert County,24009,0.02627451,67,2550
senior_unemployment_1y,2013, Maryland,Carroll County,24013,0.02613952,160,6121
senior_unemployment_1y,2013, Maryland,Cecil County,24015,0,0,2303
senior_unemployment_1y,2013, Maryland,Charles County,24017,0.028581636,80,2799
senior_unemployment_1y,2013, Maryland,Frederick County,24021,0.018416496,117,6353
senior_unemployment_1y,2013, Maryland,Harford County,24025,0.007000146,48,6857
senior_unemployment_1y,2013, Maryland,Howard County,24027,0.034997772,314,8972
senior_unemployment_1y,2013, Maryland,Montgomery County,24031,0.046499744,1820,39140
senior_unemployment_1y,2013, Maryland,Prince George's County,24033,0.029682836,686,23111
senior_unemployment_1y,2013, Maryland,St. Mary's County,24037,0.117919073,306,2595
senior_unemployment_1y,2013, Maryland,Washington County,24043,0.074361317,326,4384
senior_unemployment_1y,2013, Maryland,Wicomico County,24045,0.079553388,228,2866
senior_unemployment_1y,2013, Massachusetts,Barnstable County,25001,0.080326572,915,11391
senior_unemployment_1y,2013, Massachusetts,Berkshire County,25003,0.043004587,225,5232
senior_unemployment_1y,2013, Massachusetts,Bristol County,25005,0.041264512,590,14298
senior_unemployment_1y,2013, Massachusetts,Essex County,25009,0.050163399,1228,24480
senior_unemployment_1y,2013, Massachusetts,Franklin County,25011,0.063914783,240,3755
senior_unemployment_1y,2013, Massachusetts,Hampden County,25013,0.061675221,673,10912
senior_unemployment_1y,2013, Massachusetts,Hampshire County,25015,0.03206782,174,5426
senior_unemployment_1y,2013, Massachusetts,Middlesex County,25017,0.050357975,2504,49724
senior_unemployment_1y,2013, Massachusetts,Norfolk County,25021,0.0412554,1070,25936
senior_unemployment_1y,2013, Massachusetts,Plymouth County,25023,0.068091936,1188,17447
senior_unemployment_1y,2013, Massachusetts,Suffolk County,25025,0.053658538,858,15990
senior_unemployment_1y,2013, Massachusetts,Worcester County,25027,0.049602799,1049,21148
senior_unemployment_1y,2013, Michigan,Allegan County,26005,0,0,1851
senior_unemployment_1y,2013, Michigan,Bay County,26017,0.016096579,32,1988
senior_unemployment_1y,2013, Michigan,Berrien County,26021,0.047800239,201,4205
senior_unemployment_1y,2013, Michigan,Calhoun County,26025,0.063633002,172,2703
senior_unemployment_1y,2013, Michigan,Clinton County,26037,0.030369962,55,1811
senior_unemployment_1y,2013, Michigan,Eaton County,26045,0.109168611,281,2574
senior_unemployment_1y,2013, Michigan,Genesee County,26049,0.059119921,352,5954
senior_unemployment_1y,2013, Michigan,Grand Traverse County,26055,0.08574453,243,2834
senior_unemployment_1y,2013, Michigan,Ingham County,26065,0.023942538,120,5012
senior_unemployment_1y,2013, Michigan,Isabella County,26073,0.097845599,109,1114
senior_unemployment_1y,2013, Michigan,Jackson County,26075,0.04449838,110,2472
senior_unemployment_1y,2013, Michigan,Kalamazoo County,26077,0.024858957,141,5672
senior_unemployment_1y,2013, Michigan,Kent County,26081,0.044824399,485,10820
senior_unemployment_1y,2013, Michigan,Lapeer County,26087,0.062404871,82,1314
senior_unemployment_1y,2013, Michigan,Lenawee County,26091,0.085185185,161,1890
senior_unemployment_1y,2013, Michigan,Livingston County,26093,0.071319856,328,4599
senior_unemployment_1y,2013, Michigan,Macomb County,26099,0.073165692,1062,14515
senior_unemployment_1y,2013, Michigan,Marquette County,26103,0.031623933,37,1170
senior_unemployment_1y,2013, Michigan,Midland County,26111,0.052544247,95,1808
senior_unemployment_1y,2013, Michigan,Monroe County,26115,0.088246934,223,2527
senior_unemployment_1y,2013, Michigan,Muskegon County,26121,0.052611802,140,2661
senior_unemployment_1y,2013, Michigan,Oakland County,26125,0.048149254,1613,33500
senior_unemployment_1y,2013, Michigan,Ottawa County,26139,0.04051422,208,5134
senior_unemployment_1y,2013, Michigan,Saginaw County,26145,0.066896215,272,4066
senior_unemployment_1y,2013, Michigan,Shiawassee County,26155,0.17542614,247,1408
senior_unemployment_1y,2013, Michigan,St. Clair County,26147,0.071428575,173,2422
senior_unemployment_1y,2013, Michigan,Van Buren County,26159,0.009954059,13,1306
senior_unemployment_1y,2013, Michigan,Washtenaw County,26161,0.061227024,493,8052
senior_unemployment_1y,2013, Michigan,Wayne County,26163,0.066470802,1810,27230
senior_unemployment_1y,2013, Minnesota,Anoka County,27003,0.025909839,173,6677
senior_unemployment_1y,2013, Minnesota,Blue Earth County,27013,0,0,1369
senior_unemployment_1y,2013, Minnesota,Carver County,27019,0.003820439,8,2094
senior_unemployment_1y,2013, Minnesota,Dakota County,27037,0.049010366,468,9549
senior_unemployment_1y,2013, Minnesota,Hennepin County,27053,0.040841155,1175,28770
senior_unemployment_1y,2013, Minnesota,Olmsted County,27109,0.032138024,95,2956
senior_unemployment_1y,2013, Minnesota,Ramsey County,27123,0.015490196,158,10200
senior_unemployment_1y,2013, Minnesota,Rice County,27131,0.015807962,27,1708
senior_unemployment_1y,2013, Minnesota,Scott County,27139,0.015690777,41,2613
senior_unemployment_1y,2013, Minnesota,St. Louis County,27137,0.039913233,184,4610
senior_unemployment_1y,2013, Minnesota,Stearns County,27145,0.017338093,68,3922
senior_unemployment_1y,2013, Minnesota,Washington County,27163,0.023884634,159,6657
senior_unemployment_1y,2013, Minnesota,Wright County,27171,0,0,2766
senior_unemployment_1y,2013, Mississippi,DeSoto County,28033,0.059193954,235,3970
senior_unemployment_1y,2013, Mississippi,Forrest County,28035,0.133010879,220,1654
senior_unemployment_1y,2013, Mississippi,Harrison County,28047,0,0,3848
senior_unemployment_1y,2013, Mississippi,Hinds County,28049,0.044188723,192,4345
senior_unemployment_1y,2013, Mississippi,Jackson County,28059,0.118045479,244,2067
senior_unemployment_1y,2013, Mississippi,Lauderdale County,28075,0.071193866,195,2739
senior_unemployment_1y,2013, Mississippi,Lee County,28081,0.024804177,38,1532
senior_unemployment_1y,2013, Mississippi,Rankin County,28121,0.070894308,218,3075
senior_unemployment_1y,2013, Missouri,Boone County,29019,0.094618835,422,4460
senior_unemployment_1y,2013, Missouri,Buchanan County,29021,0.010408635,27,2594
senior_unemployment_1y,2013, Missouri,Cape Girardeau County,29031,0.004055881,9,2219
senior_unemployment_1y,2013, Missouri,Cass County,29037,0.017022697,51,2996
senior_unemployment_1y,2013, Missouri,Christian County,29043,0.115771815,207,1788
senior_unemployment_1y,2013, Missouri,Clay County,29047,0.047054842,278,5908
senior_unemployment_1y,2013, Missouri,Cole County,29051,0.020682523,40,1934
senior_unemployment_1y,2013, Missouri,Franklin County,29071,0.071337581,168,2355
senior_unemployment_1y,2013, Missouri,Greene County,29077,0.008590274,56,6519
senior_unemployment_1y,2013, Missouri,Jackson County,29095,0.051068746,884,17310
senior_unemployment_1y,2013, Missouri,Jasper County,29097,0,0,2371
senior_unemployment_1y,2013, Missouri,Jefferson County,29099,0.01379108,47,3408
senior_unemployment_1y,2013, Missouri,Platte County,29165,0.079858378,203,2542
senior_unemployment_1y,2013, Missouri,St. Charles County,29183,0.023186516,249,10739
senior_unemployment_1y,2013, Missouri,St. Louis County,29189,0.035268653,1108,31416
senior_unemployment_1y,2013, Missouri,St. Louis city,29510,0.076950356,434,5640
senior_unemployment_1y,2013, Montana,Cascade County,30013,0.024577573,48,1953
senior_unemployment_1y,2013, Montana,Flathead County,30029,0.010820559,24,2218
senior_unemployment_1y,2013, Montana,Gallatin County,30031,0.018550474,43,2318
senior_unemployment_1y,2013, Montana,Missoula County,30063,0,0,3017
senior_unemployment_1y,2013, Montana,Yellowstone County,30111,0.014865408,74,4978
senior_unemployment_1y,2013, Nebraska,Douglas County,31055,0.03705189,462,12469
senior_unemployment_1y,2013, Nebraska,Lancaster County,31109,0.0202832,159,7839
senior_unemployment_1y,2013, Nebraska,Sarpy County,31153,0.076688156,226,2947
senior_unemployment_1y,2013, Nevada,Clark County,32003,0.079740144,3756,47103
senior_unemployment_1y,2013, Nevada,Washoe County,32031,0.082009897,945,11523
senior_unemployment_1y,2013, New Hampshire,Cheshire County,33005,0.029523408,70,2371
senior_unemployment_1y,2013, New Hampshire,Grafton County,33009,0.036240425,123,3394
senior_unemployment_1y,2013, New Hampshire,Hillsborough County,33011,0.046762269,525,11227
senior_unemployment_1y,2013, New Hampshire,Merrimack County,33013,0.0134871,69,5116
senior_unemployment_1y,2013, New Hampshire,Rockingham County,33015,0.075939558,784,10324
senior_unemployment_1y,2013, New Hampshire,Strafford County,33017,0.038558785,122,3164
senior_unemployment_1y,2013, New Jersey,Atlantic County,34001,0.088807337,726,8175
senior_unemployment_1y,2013, New Jersey,Bergen County,34003,0.104408987,3429,32842
senior_unemployment_1y,2013, New Jersey,Burlington County,34005,0.076746471,1170,15245
senior_unemployment_1y,2013, New Jersey,Camden County,34007,0.078442767,1080,13768
senior_unemployment_1y,2013, New Jersey,Cape May County,34009,0.090349451,499,5523
senior_unemployment_1y,2013, New Jersey,Cumberland County,34011,0.192815855,467,2422
senior_unemployment_1y,2013, New Jersey,Essex County,34013,0.073627591,1533,20821
senior_unemployment_1y,2013, New Jersey,Gloucester County,34015,0.063332044,490,7737
senior_unemployment_1y,2013, New Jersey,Hudson County,34017,0.071967408,954,13256
senior_unemployment_1y,2013, New Jersey,Hunterdon County,34019,0.069409333,302,4351
senior_unemployment_1y,2013, New Jersey,Mercer County,34021,0.096607462,1028,10641
senior_unemployment_1y,2013, New Jersey,Middlesex County,34023,0.068193674,1307,19166
senior_unemployment_1y,2013, New Jersey,Monmouth County,34025,0.073400922,1571,21403
senior_unemployment_1y,2013, New Jersey,Morris County,34027,0.060320135,1074,17805
senior_unemployment_1y,2013, New Jersey,Ocean County,34029,0.108375207,1941,17910
senior_unemployment_1y,2013, New Jersey,Passaic County,34031,0.04463743,514,11515
senior_unemployment_1y,2013, New Jersey,Salem County,34033,0.08661826,167,1928
senior_unemployment_1y,2013, New Jersey,Somerset County,34035,0.054906879,569,10363
senior_unemployment_1y,2013, New Jersey,Sussex County,34037,0.085811213,430,5011
senior_unemployment_1y,2013, New Jersey,Union County,34039,0.035966691,514,14291
senior_unemployment_1y,2013, New Jersey,Warren County,34041,0.079787232,300,3760
senior_unemployment_1y,2013, New Mexico,Bernalillo County,35001,0.080865964,1270,15705
senior_unemployment_1y,2013, New Mexico,Doña Ana County,35013,0.092133753,383,4157
senior_unemployment_1y,2013, New Mexico,McKinley County,35031,0,0,1005
senior_unemployment_1y,2013, New Mexico,Otero County,35035,0.015596881,26,1667
senior_unemployment_1y,2013, New Mexico,San Juan County,35045,0.00462606,12,2594
senior_unemployment_1y,2013, New Mexico,Sandoval County,35043,0.020053992,52,2593
senior_unemployment_1y,2013, New Mexico,Santa Fe County,35049,0.059726674,354,5927
senior_unemployment_1y,2013, New Mexico,Valencia County,35061,0.066246055,126,1902
senior_unemployment_1y,2013, New York,Albany County,36001,0.032701019,231,7064
senior_unemployment_1y,2013, New York,Bronx County,36005,0.108548686,2264,20857
senior_unemployment_1y,2013, New York,Broome County,36007,0.076200992,414,5433
senior_unemployment_1y,2013, New York,Cattaraugus County,36009,0.082369938,171,2076
senior_unemployment_1y,2013, New York,Cayuga County,36011,0.034722224,95,2736
senior_unemployment_1y,2013, New York,Chautauqua County,36013,0.039895698,153,3835
senior_unemployment_1y,2013, New York,Chemung County,36015,0.055883512,142,2541
senior_unemployment_1y,2013, New York,Clinton County,36019,0.100156493,192,1917
senior_unemployment_1y,2013, New York,Dutchess County,36027,0.051353376,480,9347
senior_unemployment_1y,2013, New York,Erie County,36029,0.077634461,1914,24654
senior_unemployment_1y,2013, New York,Jefferson County,36045,0.128708735,308,2393
senior_unemployment_1y,2013, New York,Kings County,36047,0.074440405,3176,42665
senior_unemployment_1y,2013, New York,Livingston County,36051,0.071480148,99,1385
senior_unemployment_1y,2013, New York,Madison County,36053,0,0,1561
senior_unemployment_1y,2013, New York,Monroe County,36055,0.060938723,1088,17854
senior_unemployment_1y,2013, New York,Nassau County,36059,0.054276209,2496,45987
senior_unemployment_1y,2013, New York,New York County,36061,0.05714234,3163,55353
senior_unemployment_1y,2013, New York,Niagara County,36063,0.069925323,309,4419
senior_unemployment_1y,2013, New York,Oneida County,36065,0.036667604,261,7118
senior_unemployment_1y,2013, New York,Onondaga County,36067,0.02554488,327,12801
senior_unemployment_1y,2013, New York,Ontario County,36069,0.106769398,388,3634
senior_unemployment_1y,2013, New York,Orange County,36071,0.048721708,465,9544
senior_unemployment_1y,2013, New York,Oswego County,36075,0.091653027,224,2444
senior_unemployment_1y,2013, New York,Putnam County,36079,0.052080609,199,3821
senior_unemployment_1y,2013, New York,Queens County,36081,0.063022561,2902,46047
senior_unemployment_1y,2013, New York,Rensselaer County,36083,0.035594169,127,3568
senior_unemployment_1y,2013, New York,Richmond County,36085,0.059183486,648,10949
senior_unemployment_1y,2013, New York,Rockland County,36087,0.074967794,873,11645
senior_unemployment_1y,2013, New York,Saratoga County,36091,0.06881313,436,6336
senior_unemployment_1y,2013, New York,Schenectady County,36093,0.07692308,298,3874
senior_unemployment_1y,2013, New York,St. Lawrence County,36089,0.074677788,197,2638
senior_unemployment_1y,2013, New York,Steuben County,36101,0.036605656,66,1803
senior_unemployment_1y,2013, New York,Suffolk County,36103,0.060445294,2723,45049
senior_unemployment_1y,2013, New York,Sullivan County,36105,0.070045561,123,1756
senior_unemployment_1y,2013, New York,Tompkins County,36109,0.097964376,308,3144
senior_unemployment_1y,2013, New York,Ulster County,36111,0.061811674,449,7264
senior_unemployment_1y,2013, New York,Warren County,36113,0.116364978,315,2707
senior_unemployment_1y,2013, New York,Wayne County,36117,0.008139535,14,1720
senior_unemployment_1y,2013, New York,Westchester County,36119,0.079819448,2847,35668
senior_unemployment_1y,2013, North Carolina,Alamance County,37001,0.078420311,278,3545
senior_unemployment_1y,2013, North Carolina,Brunswick County,37019,0.070884325,307,4331
senior_unemployment_1y,2013, North Carolina,Buncombe County,37021,0.042974915,245,5701
senior_unemployment_1y,2013, North Carolina,Burke County,37023,0.027000001,54,2000
senior_unemployment_1y,2013, North Carolina,Cabarrus County,37025,0.04038915,137,3392
senior_unemployment_1y,2013, North Carolina,Caldwell County,37027,0.1546866,269,1739
senior_unemployment_1y,2013, North Carolina,Carteret County,37031,0.090179414,191,2118
senior_unemployment_1y,2013, North Carolina,Catawba County,37035,0.114594363,541,4721
senior_unemployment_1y,2013, North Carolina,Cleveland County,37045,0.002719503,7,2574
senior_unemployment_1y,2013, North Carolina,Craven County,37049,0.051491622,126,2447
senior_unemployment_1y,2013, North Carolina,Cumberland County,37051,0.028881531,157,5436
senior_unemployment_1y,2013, North Carolina,Davidson County,37057,0.060370591,202,3346
senior_unemployment_1y,2013, North Carolina,Durham County,37063,0.069496192,429,6173
senior_unemployment_1y,2013, North Carolina,Forsyth County,37067,0.041249342,313,7588
senior_unemployment_1y,2013, North Carolina,Gaston County,37071,0.075271249,333,4424
senior_unemployment_1y,2013, North Carolina,Guilford County,37081,0.067844301,868,12794
senior_unemployment_1y,2013, North Carolina,Harnett County,37085,0.104174361,282,2707
senior_unemployment_1y,2013, North Carolina,Henderson County,37089,0.040313292,175,4341
senior_unemployment_1y,2013, North Carolina,Iredell County,37097,0.057687353,224,3883
senior_unemployment_1y,2013, North Carolina,Johnston County,37101,0.02206655,63,2855
senior_unemployment_1y,2013, North Carolina,Lincoln County,37109,0.021973288,51,2321
senior_unemployment_1y,2013, North Carolina,Mecklenburg County,37119,0.086132646,1500,17415
senior_unemployment_1y,2013, North Carolina,Moore County,37125,0.019507514,61,3127
senior_unemployment_1y,2013, North Carolina,Nash County,37127,0.151665479,428,2822
senior_unemployment_1y,2013, North Carolina,New Hanover County,37129,0.015489673,93,6004
senior_unemployment_1y,2013, North Carolina,Onslow County,37133,0.112944819,219,1939
senior_unemployment_1y,2013, North Carolina,Orange County,37135,0.027882038,104,3730
senior_unemployment_1y,2013, North Carolina,Pitt County,37147,0.079454489,268,3373
senior_unemployment_1y,2013, North Carolina,Randolph County,37151,0.052715655,165,3130
senior_unemployment_1y,2013, North Carolina,Robeson County,37155,0.088798605,153,1723
senior_unemployment_1y,2013, North Carolina,Rockingham County,37157,0.033250209,80,2406
senior_unemployment_1y,2013, North Carolina,Rowan County,37159,0.070350036,205,2914
senior_unemployment_1y,2013, North Carolina,Surry County,37171,0.024344569,39,1602
senior_unemployment_1y,2013, North Carolina,Union County,37179,0.039179105,189,4824
senior_unemployment_1y,2013, North Carolina,Wake County,37183,0.049865443,945,18951
senior_unemployment_1y,2013, North Carolina,Wayne County,37191,0.060658578,175,2885
senior_unemployment_1y,2013, North Carolina,Wilson County,37195,0.032057416,67,2090
senior_unemployment_1y,2013, North Dakota,Burleigh County,38015,0.025719535,84,3266
senior_unemployment_1y,2013, North Dakota,Cass County,38017,0,0,3120
senior_unemployment_1y,2013, North Dakota,Grand Forks County,38035,0.064564563,129,1998
senior_unemployment_1y,2013, North Dakota,Ward County,38101,0,0,1570
senior_unemployment_1y,2013, Ohio,Allen County,39003,0.029822335,94,3152
senior_unemployment_1y,2013, Ohio,Ashtabula County,39007,0.044963252,104,2313
senior_unemployment_1y,2013, Ohio,Belmont County,39013,0,0,1724
senior_unemployment_1y,2013, Ohio,Butler County,39017,0.059683312,490,8210
senior_unemployment_1y,2013, Ohio,Clark County,39023,0.056065731,232,4138
senior_unemployment_1y,2013, Ohio,Clermont County,39025,0.04772456,280,5867
senior_unemployment_1y,2013, Ohio,Columbiana County,39029,0.069460392,242,3484
senior_unemployment_1y,2013, Ohio,Cuyahoga County,39035,0.051751178,1683,32521
senior_unemployment_1y,2013, Ohio,Delaware County,39041,0.060122374,226,3759
senior_unemployment_1y,2013, Ohio,Erie County,39043,0.087826088,202,2300
senior_unemployment_1y,2013, Ohio,Fairfield County,39045,0.053160921,148,2784
senior_unemployment_1y,2013, Ohio,Franklin County,39049,0.043404125,1120,25804
senior_unemployment_1y,2013, Ohio,Geauga County,39055,0.05725304,193,3371
senior_unemployment_1y,2013, Ohio,Greene County,39057,0.082651071,424,5130
senior_unemployment_1y,2013, Ohio,Hamilton County,39061,0.044172272,880,19922
senior_unemployment_1y,2013, Ohio,Hancock County,39063,0,0,1956
senior_unemployment_1y,2013, Ohio,Jefferson County,39081,0.00273523,5,1828
senior_unemployment_1y,2013, Ohio,Lake County,39085,0.070359945,475,6751
senior_unemployment_1y,2013, Ohio,Licking County,39089,0.021855382,94,4301
senior_unemployment_1y,2013, Ohio,Lorain County,39093,0.027956177,222,7941
senior_unemployment_1y,2013, Ohio,Lucas County,39095,0.038289152,299,7809
senior_unemployment_1y,2013, Ohio,Mahoning County,39099,0.069504917,431,6201
senior_unemployment_1y,2013, Ohio,Marion County,39101,0.029272899,31,1059
senior_unemployment_1y,2013, Ohio,Medina County,39103,0.023819931,109,4576
senior_unemployment_1y,2013, Ohio,Miami County,39109,0.05172414,159,3074
senior_unemployment_1y,2013, Ohio,Montgomery County,39113,0.055010632,802,14579
senior_unemployment_1y,2013, Ohio,Muskingum County,39119,0.051601425,116,2248
senior_unemployment_1y,2013, Ohio,Portage County,39133,0.016911438,76,4494
senior_unemployment_1y,2013, Ohio,Richland County,39139,0.068581685,191,2785
senior_unemployment_1y,2013, Ohio,Scioto County,39145,0,0,1273
senior_unemployment_1y,2013, Ohio,Stark County,39151,0.023289515,225,9661
senior_unemployment_1y,2013, Ohio,Summit County,39153,0.049376559,792,16040
senior_unemployment_1y,2013, Ohio,Trumbull County,39155,0.042227801,185,4381
senior_unemployment_1y,2013, Ohio,Tuscarawas County,39157,0.05248227,148,2820
senior_unemployment_1y,2013, Ohio,Warren County,39165,0.067924529,324,4770
senior_unemployment_1y,2013, Ohio,Wayne County,39169,0.016592473,41,2471
senior_unemployment_1y,2013, Ohio,Wood County,39173,0.015681149,48,3061
senior_unemployment_1y,2013, Oklahoma,Canadian County,40017,0.046709854,137,2933
senior_unemployment_1y,2013, Oklahoma,Cleveland County,40027,0.03675019,242,6585
senior_unemployment_1y,2013, Oklahoma,Comanche County,40031,0,0,2606
senior_unemployment_1y,2013, Oklahoma,Creek County,40037,0,0,1683
senior_unemployment_1y,2013, Oklahoma,Muskogee County,40101,0,0,1417
senior_unemployment_1y,2013, Oklahoma,Oklahoma County,40109,0.037683066,687,18231
senior_unemployment_1y,2013, Oklahoma,Pottawatomie County,40125,0.071428575,125,1750
senior_unemployment_1y,2013, Oklahoma,Rogers County,40131,0.074796014,165,2206
senior_unemployment_1y,2013, Oklahoma,Tulsa County,40143,0.020960366,330,15744
senior_unemployment_1y,2013, Oklahoma,Wagoner County,40145,0,0,1968
senior_unemployment_1y,2013, Oregon,Benton County,41003,0.059957173,112,1868
senior_unemployment_1y,2013, Oregon,Clackamas County,41005,0.043535765,395,9073
senior_unemployment_1y,2013, Oregon,Deschutes County,41017,0.060522273,197,3255
senior_unemployment_1y,2013, Oregon,Douglas County,41019,0.052886557,131,2477
senior_unemployment_1y,2013, Oregon,Jackson County,41029,0.082891814,485,5851
senior_unemployment_1y,2013, Oregon,Josephine County,41033,0,0,2190
senior_unemployment_1y,2013, Oregon,Klamath County,41035,0.093894012,163,1736
senior_unemployment_1y,2013, Oregon,Lane County,41039,0.05299874,547,10321
senior_unemployment_1y,2013, Oregon,Linn County,41043,0.060305342,158,2620
senior_unemployment_1y,2013, Oregon,Marion County,41047,0.032450229,207,6379
senior_unemployment_1y,2013, Oregon,Multnomah County,41051,0.066727415,952,14267
senior_unemployment_1y,2013, Oregon,Polk County,41053,0,0,1656
senior_unemployment_1y,2013, Oregon,Umatilla County,41059,0,0,2027
senior_unemployment_1y,2013, Oregon,Washington County,41067,0.076400839,799,10458
senior_unemployment_1y,2013, Oregon,Yamhill County,41071,0.043590851,101,2317
senior_unemployment_1y,2013, Pennsylvania,Adams County,42001,0.032802857,101,3079
senior_unemployment_1y,2013, Pennsylvania,Allegheny County,42003,0.034075156,1401,41115
senior_unemployment_1y,2013, Pennsylvania,Armstrong County,42005,0,0,1381
senior_unemployment_1y,2013, Pennsylvania,Beaver County,42007,0.021651786,97,4480
senior_unemployment_1y,2013, Pennsylvania,Berks County,42011,0.058000337,688,11862
senior_unemployment_1y,2013, Pennsylvania,Blair County,42013,0.039787799,135,3393
senior_unemployment_1y,2013, Pennsylvania,Bucks County,42017,0.074630357,1595,21372
senior_unemployment_1y,2013, Pennsylvania,Butler County,42019,0.046731427,178,3809
senior_unemployment_1y,2013, Pennsylvania,Cambria County,42021,0.033294391,114,3424
senior_unemployment_1y,2013, Pennsylvania,Centre County,42027,0.012788779,31,2424
senior_unemployment_1y,2013, Pennsylvania,Chester County,42029,0.053272452,910,17082
senior_unemployment_1y,2013, Pennsylvania,Clearfield County,42033,0.161290318,235,1457
senior_unemployment_1y,2013, Pennsylvania,Columbia County,42037,0.017211704,30,1743
senior_unemployment_1y,2013, Pennsylvania,Crawford County,42039,0.00832968,19,2281
senior_unemployment_1y,2013, Pennsylvania,Cumberland County,42041,0.04010025,240,5985
senior_unemployment_1y,2013, Pennsylvania,Dauphin County,42043,0.059054602,451,7637
senior_unemployment_1y,2013, Pennsylvania,Delaware County,42045,0.052039046,869,16699
senior_unemployment_1y,2013, Pennsylvania,Erie County,42049,0.038789984,268,6909
senior_unemployment_1y,2013, Pennsylvania,Fayette County,42051,0.084946662,215,2531
senior_unemployment_1y,2013, Pennsylvania,Franklin County,42055,0.056481481,305,5400
senior_unemployment_1y,2013, Pennsylvania,Indiana County,42063,0.045705676,91,1991
senior_unemployment_1y,2013, Pennsylvania,Lackawanna County,42069,0.054349549,343,6311
senior_unemployment_1y,2013, Pennsylvania,Lancaster County,42071,0.016537437,273,16508
senior_unemployment_1y,2013, Pennsylvania,Lawrence County,42073,0.117834397,333,2826
senior_unemployment_1y,2013, Pennsylvania,Lebanon County,42075,0.121715076,528,4338
senior_unemployment_1y,2013, Pennsylvania,Lehigh County,42077,0.036046762,333,9238
senior_unemployment_1y,2013, Pennsylvania,Luzerne County,42079,0.070558667,730,10346
senior_unemployment_1y,2013, Pennsylvania,Lycoming County,42081,0.073602267,208,2826
senior_unemployment_1y,2013, Pennsylvania,Mercer County,42085,0.067461327,266,3943
senior_unemployment_1y,2013, Pennsylvania,Monroe County,42089,0.104075693,429,4122
senior_unemployment_1y,2013, Pennsylvania,Montgomery County,42091,0.052791301,1583,29986
senior_unemployment_1y,2013, Pennsylvania,Northampton County,42095,0.05685987,465,8178
senior_unemployment_1y,2013, Pennsylvania,Northumberland County,42097,0.069989756,205,2929
senior_unemployment_1y,2013, Pennsylvania,Philadelphia County,42101,0.061293773,1661,27099
senior_unemployment_1y,2013, Pennsylvania,Schuylkill County,42107,0.020828458,89,4273
senior_unemployment_1y,2013, Pennsylvania,Somerset County,42111,0.036251105,82,2262
senior_unemployment_1y,2013, Pennsylvania,Washington County,42125,0.044871796,308,6864
senior_unemployment_1y,2013, Pennsylvania,Westmoreland County,42129,0.045991756,502,10915
senior_unemployment_1y,2013, Pennsylvania,York County,42133,0.031888429,423,13265
senior_unemployment_1y,2013, Puerto Rico,Arecibo Municipio,72013,0,0,1157
senior_unemployment_1y,2013, Puerto Rico,Bayamón Municipio,72021,0.185342535,349,1883
senior_unemployment_1y,2013, Puerto Rico,Caguas Municipio,72025,0.196592405,450,2289
senior_unemployment_1y,2013, Puerto Rico,Carolina Municipio,72031,0,0,2878
senior_unemployment_1y,2013, Puerto Rico,Guaynabo Municipio,72061,0.04575707,110,2404
senior_unemployment_1y,2013, Puerto Rico,Mayagüez Municipio,72097,0.025120772,26,1035
senior_unemployment_1y,2013, Puerto Rico,Ponce Municipio,72113,0.023072889,44,1907
senior_unemployment_1y,2013, Puerto Rico,San Juan Municipio,72127,0.065049991,566,8701
senior_unemployment_1y,2013, Puerto Rico,Toa Baja Municipio,72137,0,0,1395
senior_unemployment_1y,2013, Rhode Island,Kent County,44003,0.076523297,427,5580
senior_unemployment_1y,2013, Rhode Island,Newport County,44005,0.037990984,118,3106
senior_unemployment_1y,2013, Rhode Island,Providence County,44007,0.061450902,853,13881
senior_unemployment_1y,2013, Rhode Island,Washington County,44009,0.061686575,346,5609
senior_unemployment_1y,2013, South Carolina,Aiken County,45003,0.071811683,241,3356
senior_unemployment_1y,2013, South Carolina,Anderson County,45007,0.121457487,510,4199
senior_unemployment_1y,2013, South Carolina,Beaufort County,45013,0.025304837,193,7627
senior_unemployment_1y,2013, South Carolina,Berkeley County,45015,0.014696485,46,3130
senior_unemployment_1y,2013, South Carolina,Charleston County,45019,0.087449029,965,11035
senior_unemployment_1y,2013, South Carolina,Darlington County,45031,0.023733161,37,1559
senior_unemployment_1y,2013, South Carolina,Dorchester County,45035,0.01866252,48,2572
senior_unemployment_1y,2013, South Carolina,Florence County,45041,0,0,2777
senior_unemployment_1y,2013, South Carolina,Greenville County,45045,0.060009919,726,12098
senior_unemployment_1y,2013, South Carolina,Greenwood County,45047,0.086357042,119,1378
senior_unemployment_1y,2013, South Carolina,Horry County,45051,0.043636363,372,8525
senior_unemployment_1y,2013, South Carolina,Laurens County,45059,0.021174863,31,1464
senior_unemployment_1y,2013, South Carolina,Lexington County,45063,0,0,6315
senior_unemployment_1y,2013, South Carolina,Orangeburg County,45075,0.062236287,118,1896
senior_unemployment_1y,2013, South Carolina,Pickens County,45077,0,0,2368
senior_unemployment_1y,2013, South Carolina,Richland County,45079,0.017868146,145,8115
senior_unemployment_1y,2013, South Carolina,Spartanburg County,45083,0.048796356,300,6148
senior_unemployment_1y,2013, South Carolina,Sumter County,45085,0,0,1963
senior_unemployment_1y,2013, South Carolina,York County,45091,0.024802968,107,4314
senior_unemployment_1y,2013, South Dakota,Minnehaha County,46099,0.017547205,92,5243
senior_unemployment_1y,2013, South Dakota,Pennington County,46103,0.0506103,170,3359
senior_unemployment_1y,2013, Tennessee,Anderson County,47001,0.081866868,107,1307
senior_unemployment_1y,2013, Tennessee,Blount County,47009,0,0,2518
senior_unemployment_1y,2013, Tennessee,Bradley County,47011,0.08615049,158,1834
senior_unemployment_1y,2013, Tennessee,Davidson County,47037,0.046153847,729,15795
senior_unemployment_1y,2013, Tennessee,Greene County,47059,0.046636086,61,1308
senior_unemployment_1y,2013, Tennessee,Hamilton County,47065,0.079510704,676,8502
senior_unemployment_1y,2013, Tennessee,Knox County,47093,0.013647767,136,9965
senior_unemployment_1y,2013, Tennessee,Madison County,47113,0,0,2660
senior_unemployment_1y,2013, Tennessee,Montgomery County,47125,0.107921928,188,1742
senior_unemployment_1y,2013, Tennessee,Putnam County,47141,0.112342939,152,1353
senior_unemployment_1y,2013, Tennessee,Robertson County,47147,0,0,2137
senior_unemployment_1y,2013, Tennessee,Rutherford County,47149,0.037673652,160,4247
senior_unemployment_1y,2013, Tennessee,Sevier County,47155,0,0,3632
senior_unemployment_1y,2013, Tennessee,Shelby County,47157,0.040008511,940,23495
senior_unemployment_1y,2013, Tennessee,Sullivan County,47163,0.098672822,513,5199
senior_unemployment_1y,2013, Tennessee,Sumner County,47165,0.030726848,145,4719
senior_unemployment_1y,2013, Tennessee,Washington County,47179,0.040954094,91,2222
senior_unemployment_1y,2013, Tennessee,Williamson County,47187,0.041658703,218,5233
senior_unemployment_1y,2013, Tennessee,Wilson County,47189,0,0,3166
senior_unemployment_1y,2013, Texas,Angelina County,48005,0.047231272,87,1842
senior_unemployment_1y,2013, Texas,Bell County,48027,0.07253886,322,4439
senior_unemployment_1y,2013, Texas,Bexar County,48029,0.056430902,1780,31543
senior_unemployment_1y,2013, Texas,Bowie County,48037,0,0,2368
senior_unemployment_1y,2013, Texas,Brazoria County,48039,0.079954311,560,7004
senior_unemployment_1y,2013, Texas,Brazos County,48041,0.027777778,87,3132
senior_unemployment_1y,2013, Texas,Cameron County,48061,0.094816051,567,5980
senior_unemployment_1y,2013, Texas,Collin County,48085,0.063586406,1134,17834
senior_unemployment_1y,2013, Texas,Comal County,48091,0.012486622,35,2803
senior_unemployment_1y,2013, Texas,Coryell County,48099,0,0,1144
senior_unemployment_1y,2013, Texas,Dallas County,48113,0.053152323,2772,52152
senior_unemployment_1y,2013, Texas,Denton County,48121,0.045340702,525,11579
senior_unemployment_1y,2013, Texas,Ector County,48135,0.042779483,181,4231
senior_unemployment_1y,2013, Texas,El Paso County,48141,0.093154445,1222,13118
senior_unemployment_1y,2013, Texas,Ellis County,48139,0.046604529,140,3004
senior_unemployment_1y,2013, Texas,Fort Bend County,48157,0.016067164,222,13817
senior_unemployment_1y,2013, Texas,Galveston County,48167,0.024341844,184,7559
senior_unemployment_1y,2013, Texas,Grayson County,48181,0.056597456,169,2986
senior_unemployment_1y,2013, Texas,Gregg County,48183,0.021904472,72,3287
senior_unemployment_1y,2013, Texas,Guadalupe County,48187,0.019561352,66,3374
senior_unemployment_1y,2013, Texas,Harris County,48201,0.048475895,4200,86641
senior_unemployment_1y,2013, Texas,Hays County,48209,0.025177887,92,3654
senior_unemployment_1y,2013, Texas,Henderson County,48213,0.08274956,189,2284
senior_unemployment_1y,2013, Texas,Hidalgo County,48215,0.024666823,211,8554
senior_unemployment_1y,2013, Texas,Hunt County,48231,0.00990099,16,1616
senior_unemployment_1y,2013, Texas,Jefferson County,48245,0.037002604,199,5378
senior_unemployment_1y,2013, Texas,Johnson County,48251,0,0,3592
senior_unemployment_1y,2013, Texas,Lubbock County,48303,0.040829226,323,7911
senior_unemployment_1y,2013, Texas,McLennan County,48309,0.042076435,338,8033
senior_unemployment_1y,2013, Texas,Montgomery County,48339,0.018301077,226,12349
senior_unemployment_1y,2013, Texas,Nacogdoches County,48347,0.038943894,59,1515
senior_unemployment_1y,2013, Texas,Nueces County,48355,0.027676538,243,8780
senior_unemployment_1y,2013, Texas,Orange County,48361,0.014856557,29,1952
senior_unemployment_1y,2013, Texas,Parker County,48367,0.018369988,71,3865
senior_unemployment_1y,2013, Texas,Potter County,48375,0.021022109,58,2759
senior_unemployment_1y,2013, Texas,Randall County,48381,0,0,3634
senior_unemployment_1y,2013, Texas,Smith County,48423,0.074007541,412,5567
senior_unemployment_1y,2013, Texas,Tarrant County,48439,0.03842628,1551,40363
senior_unemployment_1y,2013, Texas,Taylor County,48441,0.01840676,61,3314
senior_unemployment_1y,2013, Texas,Tom Green County,48451,0.013840831,40,2890
senior_unemployment_1y,2013, Texas,Travis County,48453,0.026692236,515,19294
senior_unemployment_1y,2013, Texas,Victoria County,48469,0.010907811,31,2842
senior_unemployment_1y,2013, Texas,Webb County,48479,0.006614694,28,4233
senior_unemployment_1y,2013, Texas,Wichita County,48485,0.035549525,131,3685
senior_unemployment_1y,2013, Texas,Williamson County,48491,0.095841549,1021,10653
senior_unemployment_1y,2013, Utah,Cache County,49005,0.082284607,85,1033
senior_unemployment_1y,2013, Utah,Davis County,49011,0.03245239,167,5146
senior_unemployment_1y,2013, Utah,Salt Lake County,49035,0.018132243,399,22005
senior_unemployment_1y,2013, Utah,Utah County,49049,0.050400112,359,7123
senior_unemployment_1y,2013, Utah,Washington County,49053,0.043397967,188,4332
senior_unemployment_1y,2013, Utah,Weber County,49057,0.087551966,358,4089
senior_unemployment_1y,2013, Vermont,Chittenden County,50007,0,0,4599
senior_unemployment_1y,2013, Virginia,Albemarle County,51003,0.028176229,110,3904
senior_unemployment_1y,2013, Virginia,Alexandria city,51510,0.103391036,436,4217
senior_unemployment_1y,2013, Virginia,Arlington County,51013,0.013201933,71,5378
senior_unemployment_1y,2013, Virginia,Chesapeake city,51550,0.045929018,198,4311
senior_unemployment_1y,2013, Virginia,Chesterfield County,51041,0.017089721,136,7958
senior_unemployment_1y,2013, Virginia,Fairfax County,51059,0.047236327,1628,34465
senior_unemployment_1y,2013, Virginia,Fauquier County,51061,0,0,2866
senior_unemployment_1y,2013, Virginia,Hampton city,51650,0.023915816,75,3136
senior_unemployment_1y,2013, Virginia,Hanover County,51085,0.009009009,25,2775
senior_unemployment_1y,2013, Virginia,Henrico County,51087,0.021693947,167,7698
senior_unemployment_1y,2013, Virginia,Loudoun County,51107,0.081319973,552,6788
senior_unemployment_1y,2013, Virginia,Lynchburg city,51680,0,0,2163
senior_unemployment_1y,2013, Virginia,Montgomery County,51121,0.01993704,38,1906
senior_unemployment_1y,2013, Virginia,Newport News city,51700,0.022010077,83,3771
senior_unemployment_1y,2013, Virginia,Norfolk city,51710,0.0425261,167,3927
senior_unemployment_1y,2013, Virginia,Portsmouth city,51740,0,0,1757
senior_unemployment_1y,2013, Virginia,Prince William County,51153,0.01617608,122,7542
senior_unemployment_1y,2013, Virginia,Richmond city,51760,0.050168026,209,4166
senior_unemployment_1y,2013, Virginia,Roanoke County,51161,0.06666667,228,3420
senior_unemployment_1y,2013, Virginia,Roanoke city,51770,0,0,2492
senior_unemployment_1y,2013, Virginia,Rockingham County,51165,0.028842771,82,2843
senior_unemployment_1y,2013, Virginia,Spotsylvania County,51177,0.043059126,134,3112
senior_unemployment_1y,2013, Virginia,Stafford County,51179,0,0,2452
senior_unemployment_1y,2013, Virginia,Suffolk city,51800,0.041514598,91,2192
senior_unemployment_1y,2013, Virginia,Virginia Beach city,51810,0.008443221,89,10541
senior_unemployment_1y,2013, Virginia,York County,51199,0.099330358,178,1792
senior_unemployment_1y,2013, Washington,Benton County,53005,0.021545319,58,2692
senior_unemployment_1y,2013, Washington,Clallam County,53009,0.050042894,175,3497
senior_unemployment_1y,2013, Washington,Clark County,53011,0.090951875,773,8499
senior_unemployment_1y,2013, Washington,Cowlitz County,53015,0,0,2243
senior_unemployment_1y,2013, Washington,Grant County,53025,0.014044944,20,1424
senior_unemployment_1y,2013, Washington,Grays Harbor County,53027,0.090381429,109,1206
senior_unemployment_1y,2013, Washington,Island County,53029,0.055555556,201,3618
senior_unemployment_1y,2013, Washington,King County,53033,0.033106223,1482,44765
senior_unemployment_1y,2013, Washington,Kitsap County,53035,0.044320196,325,7333
senior_unemployment_1y,2013, Washington,Lewis County,53041,0.173591346,305,1757
senior_unemployment_1y,2013, Washington,Pierce County,53053,0.047107931,711,15093
senior_unemployment_1y,2013, Washington,Skagit County,53057,0.029585799,80,2704
senior_unemployment_1y,2013, Washington,Snohomish County,53061,0.036013052,607,16855
senior_unemployment_1y,2013, Washington,Spokane County,53063,0.037281331,390,10461
senior_unemployment_1y,2013, Washington,Thurston County,53067,0.069105692,306,4428
senior_unemployment_1y,2013, Washington,Whatcom County,53073,0.085816234,481,5605
senior_unemployment_1y,2013, Washington,Yakima County,53077,0.036687251,202,5506
senior_unemployment_1y,2013, West Virginia,Berkeley County,54003,0,0,2249
senior_unemployment_1y,2013, West Virginia,Cabell County,54011,0.032425422,75,2313
senior_unemployment_1y,2013, West Virginia,Kanawha County,54039,0,0,5454
senior_unemployment_1y,2013, West Virginia,Monongalia County,54061,0,0,2102
senior_unemployment_1y,2013, West Virginia,Raleigh County,54081,0,0,2010
senior_unemployment_1y,2013, West Virginia,Wood County,54107,0,0,1963
senior_unemployment_1y,2013, Wisconsin,Brown County,55009,0.052654017,247,4691
senior_unemployment_1y,2013, Wisconsin,Dane County,55025,0.050461248,640,12683
senior_unemployment_1y,2013, Wisconsin,Dodge County,55027,0.019898195,43,2161
senior_unemployment_1y,2013, Wisconsin,Eau Claire County,55035,0,0,2436
senior_unemployment_1y,2013, Wisconsin,Fond du Lac County,55039,0.103497162,219,2116
senior_unemployment_1y,2013, Wisconsin,Jefferson County,55055,0.042842217,82,1914
senior_unemployment_1y,2013, Wisconsin,Kenosha County,55059,0.021547157,61,2831
senior_unemployment_1y,2013, Wisconsin,La Crosse County,55063,0.088673137,274,3090
senior_unemployment_1y,2013, Wisconsin,Manitowoc County,55071,0.036941025,57,1543
senior_unemployment_1y,2013, Wisconsin,Marathon County,55073,0.028046422,87,3102
senior_unemployment_1y,2013, Wisconsin,Milwaukee County,55079,0.063944429,985,15404
senior_unemployment_1y,2013, Wisconsin,Outagamie County,55087,0,0,4118
senior_unemployment_1y,2013, Wisconsin,Ozaukee County,55089,0.020658489,64,3098
senior_unemployment_1y,2013, Wisconsin,Portage County,55097,0.053941909,52,964
senior_unemployment_1y,2013, Wisconsin,Racine County,55101,0.039720882,148,3726
senior_unemployment_1y,2013, Wisconsin,Rock County,55105,0.041841004,130,3107
senior_unemployment_1y,2013, Wisconsin,Sheboygan County,55117,0.003620803,11,3038
senior_unemployment_1y,2013, Wisconsin,St. Croix County,55109,0.01589404,36,2265
senior_unemployment_1y,2013, Wisconsin,Walworth County,55127,0.0234375,63,2688
senior_unemployment_1y,2013, Wisconsin,Washington County,55131,0.049650349,142,2860
senior_unemployment_1y,2013, Wisconsin,Waukesha County,55133,0.04069975,456,11204
senior_unemployment_1y,2013, Wisconsin,Winnebago County,55139,0.03469751,78,2248
senior_unemployment_1y,2013, Wisconsin,Wood County,55141,0.077034883,159,2064
senior_unemployment_1y,2013, Wyoming,Laramie County,56021,0.035976507,98,2724
senior_unemployment_1y,2013, Wyoming,Natrona County,56025,0,0,2121
